>5HT2C_HUMAN,0000269,0,269
>5HT3A_HUMAN,0000255,0,305
>5HT3B_HUMAN,0000255,0,269
>5HT3C_HUMAN,0000255,0,269
>5HT3D_HUMAN,0000255,0,269
>5HT3E_HUMAN,0000255,0,269
>5NTD_HUMAN,0000269,0,269
>7B2_HUMAN,0000269,0,250
>A1AG1_HUMAN,0000269,0,0
>A1AG2_HUMAN,0,0,0
>A1ATR_HUMAN,0000255,0,269
>A1AT_HUMAN,0000269,0,0
>A1BG_HUMAN,0000269,0,0
>A2AP_HUMAN,0000269,0,0
>A2GL_HUMAN,0000269,0,0
>A2MG_HUMAN,0000269,0,269
>A2ML1_HUMAN,0000255,0,269
>A4_HUMAN,0000269,0,269
>AACT_HUMAN,0000269,0,0
>ABD18_HUMAN,0000255,0,305
>ABH15_HUMAN,0000255,0,305
>ACE2_HUMAN,0000255,0,269
>ACES_HUMAN,0000255,0,269
>ACE_HUMAN,0000269,0,269
>ACH10_HUMAN,0000255,0,305
>ACHA2_HUMAN,0000255,0,0
>ACHA3_HUMAN,0000255,0,269
>ACHA4_HUMAN,0000255,0,250
>ACHA5_HUMAN,0000255,0,0
>ACHA6_HUMAN,0000255,0,0
>ACHA7_HUMAN,0000250,0,269
>ACHA9_HUMAN,0000255,0,269
>ACHA_HUMAN,0000269,0,269
>ACHB2_HUMAN,0000250,0,0
>ACHB3_HUMAN,0000255,0,0
>ACHB4_HUMAN,0000255,0,0
>ACHB_HUMAN,0,0,0
>ACHD_HUMAN,0000250,0,0
>ACHE_HUMAN,0,0,0
>ACHG_HUMAN,0000255,0,0
>ACP7_HUMAN,0000255,0,305
>ACRBP_HUMAN,0000255,0,250
>ACRO_HUMAN,0,0,0
>ACV1B_HUMAN,0000255,0,250
>ACV1C_HUMAN,0000255,0,269
>ACVL1_HUMAN,0000255,0,269
>ACVR1_HUMAN,0000250,0,0
>ADA10_HUMAN,0000255,0,269
>ADA11_HUMAN,0000255,0,250
>ADA12_HUMAN,0000255,0,305
>ADA15_HUMAN,0000255,0,269
>ADA17_HUMAN,0000250,0,0
>ADA18_HUMAN,0000255,0,0
>ADA19_HUMAN,0000255,0,0
>ADA20_HUMAN,0000255,0,0
>ADA21_HUMAN,0000255,0,0
>ADA22_HUMAN,0000255,0,269
>ADA23_HUMAN,0000255,0,305
>ADA28_HUMAN,0000255,0,0
>ADA29_HUMAN,0000255,0,0
>ADA2_HUMAN,0000255,0,269
>ADA30_HUMAN,0000255,0,269
>ADA32_HUMAN,0000269,0,305
>ADA33_HUMAN,0000255,0,0
>ADAM2_HUMAN,0000255,0,0
>ADAM7_HUMAN,0000255,0,305
>ADAM8_HUMAN,0000255,0,0
>ADAM9_HUMAN,0000255,0,269
>ADCK1_HUMAN,0000255,0,305
>ADCL2_HUMAN,0000255,0,0
>ADEC1_HUMAN,0000255,0,250
>ADIPL_HUMAN,0000255,0,269
>ADIPO_HUMAN,0000269,0,269
>ADM2_HUMAN,0000250,0,0
>ADM5_HUMAN,0000255,0,305
>ADML_HUMAN,0000250,0,0
>ADPGK_HUMAN,0000255,0,305
>AEBP1_HUMAN,0000255,0,250
>AEGP_HUMAN,0000255,0,250
>AFAM_HUMAN,0000269,0,269
>AGAL_HUMAN,0,0,0
>AGR2_HUMAN,0000269,0,269
>AGR3_HUMAN,0000269,0,269
>AGRA2_HUMAN,0000255,0,269
>AGRA3_HUMAN,0000255,0,250
>AGRB1_HUMAN,0000255,0,269
>AGRB2_HUMAN,0000255,0,269
>AGRB3_HUMAN,0000255,0,269
>AGRD1_HUMAN,0000255,0,269
>AGRE1_HUMAN,0000255,0,269
>AGRE2_HUMAN,0000255,0,269
>AGRE3_HUMAN,0000255,0,255
>AGRE4_HUMAN,0000255,0,305
>AGRE5_HUMAN,0000255,0,305
>AGRF1_HUMAN,0000255,0,269
>AGRF3_HUMAN,0000255,0,255
>AGRF4_HUMAN,0000255,0,255
>AGRF5_HUMAN,0000255,0,250
>AGRG1_HUMAN,0000269,0,269
>AGRG2_HUMAN,0000255,0,269
>AGRG3_HUMAN,0000269,0,269
>AGRG4_HUMAN,0000255,0,255
>AGRG5_HUMAN,0000255,0,305
>AGRG6_HUMAN,0000255,0,269
>AGRG7_HUMAN,0000255,0,255
>AGRIN_HUMAN,0000255,0,269
>AGRL1_HUMAN,0000250,0,269
>AGRL2_HUMAN,0000255,0,255
>AGRL3_HUMAN,0000255,0,269
>AGRL4_HUMAN,0000255,0,269
>AGRP_HUMAN,0000255,0,269
>AGRV1_HUMAN,0000255,0,250
>AJAP1_HUMAN,0000255,0,269
>ALBU_HUMAN,0,0,0
>ALKL1_HUMAN,0000255,0,305
>ALKL2_HUMAN,0000255,0,269
>ALK_HUMAN,0000255,0,269
>ALS_HUMAN,0000269,0,0
>AMBN_HUMAN,0000255,0,0
>AMBP_HUMAN,0000269,0,269
>AMD_HUMAN,0000305,0,250
>AMELX_HUMAN,0000269,0,305
>AMELY_HUMAN,0000250,0,0
>AMGO1_HUMAN,0000255,0,250
>AMGO2_HUMAN,0000255,0,250
>AMGO3_HUMAN,0000255,0,305
>AMHR2_HUMAN,0000255,0,0
>AMNLS_HUMAN,0000269,0,269
>AMRP_HUMAN,0000255,0,269
>AMTN_HUMAN,0000269,0,250
>AMY1A_HUMAN,0000255,0,305
>AMY1B_HUMAN,0000255,0,305
>AMY1C_HUMAN,0000255,0,305
>AMY2B_HUMAN,0,0,250
>AMYP_HUMAN,0,0,0
>ANAG_HUMAN,0,0,0
>ANFB_HUMAN,0000269,0,269
>ANFC_HUMAN,0000255,0,0
>ANF_HUMAN,0000250,0,269
>ANGI_HUMAN,0000269,0,269
>ANGL1_HUMAN,0000255,0,269
>ANGL2_HUMAN,0000255,0,0
>ANGL3_HUMAN,0000269,0,305
>ANGL4_HUMAN,0000255,0,269
>ANGL5_HUMAN,0000255,0,305
>ANGL6_HUMAN,0000255,0,305
>ANGL7_HUMAN,0000269,0,269
>ANGL8_HUMAN,0000255,0,269
>ANGP1_HUMAN,0000255,0,0
>ANGP2_HUMAN,0000255,0,269
>ANGP4_HUMAN,0000255,0,305
>ANGT_HUMAN,0000269,0,305
>ANPRA_HUMAN,0,0,0
>ANPRB_HUMAN,0000255,0,269
>ANPRC_HUMAN,0000255,0,269
>ANT3_HUMAN,0000269,0,0
>ANTR1_HUMAN,0000255,0,269
>ANTR2_HUMAN,0000255,0,269
>ANTRL_HUMAN,0000255,0,305
>AOAH_HUMAN,0000269,0,269
>AOC1_HUMAN,0000269,0,0
>AOC2_HUMAN,0000255,0,269
>APCD1_HUMAN,0000255,0,269
>APCDL_HUMAN,0000255,0,305
>APEL_HUMAN,0000255,0,250
>APLP1_HUMAN,0000255,0,0
>APLP2_HUMAN,0000255,0,305
>APOA1_HUMAN,0000269,0,0
>APOA2_HUMAN,0000269,0,269
>APOA4_HUMAN,0000269,0,0
>APOA5_HUMAN,0000255,0,269
>APOA_HUMAN,0000255,0,0
>APOB_HUMAN,0,0,269
>APOC1_HUMAN,0000269,0,303
>APOC2_HUMAN,0000269,0,269
>APOC3_HUMAN,0000269,0,303
>APOC4_HUMAN,0000250,0,0
>APOD_HUMAN,0000269,0,0
>APOE_HUMAN,0000269,0,269
>APOF_HUMAN,0000255,0,269
>APOH_HUMAN,0000269,0,0
>APOL1_HUMAN,0000269,0,0
>APOL4_HUMAN,0000255,0,305
>APOM_HUMAN,0,0,269
>ARAID_HUMAN,0000269,0,269
>AREG_HUMAN,0000255,0,0
>ARMD4_HUMAN,0000255,0,269
>ARP3C_HUMAN,0000255,0,0
>ARSA_HUMAN,0000269,0,269
>ARSB_HUMAN,0,1,250
>ARSD_HUMAN,0000255,0,305
>ARSF_HUMAN,0000255,0,305
>ARSG_HUMAN,0000255,0,269
>ARSI_HUMAN,0000255,0,269
>ARSJ_HUMAN,0000255,0,305
>ARSK_HUMAN,0000255,0,269
>ARSL_HUMAN,0000255,0,269
>ARTN_HUMAN,0000255,0,250
>ASAH1_HUMAN,0000255,0,269
>ASIP_HUMAN,0000255,0,269
>ASM3A_HUMAN,0000255,0,269
>ASM3B_HUMAN,0000255,0,250
>ASM_HUMAN,0,0,269
>ASPG_HUMAN,0000269,0,0
>ASPN_HUMAN,0000255,0,269
>ASPX_HUMAN,0000255,0,0
>ASTL_HUMAN,0000255,0,250
>ASTN1_HUMAN,0000255,0,250
>ASTN2_HUMAN,0000255,0,250
>ATL1_HUMAN,0,0,269
>ATL2_HUMAN,0000255,0,305
>ATL3_HUMAN,0000255,0,269
>ATL4_HUMAN,0000255,0,269
>ATL5_HUMAN,0000255,0,269
>ATRN1_HUMAN,0000255,0,305
>ATRN_HUMAN,0000255,0,269
>ATS10_HUMAN,0000255,0,269
>ATS12_HUMAN,0000255,0,250
>ATS13_HUMAN,0000255,0,269
>ATS14_HUMAN,0000255,0,250
>ATS15_HUMAN,0000255,0,250
>ATS16_HUMAN,0000255,0,250
>ATS17_HUMAN,0000255,0,250
>ATS18_HUMAN,0000255,0,250
>ATS19_HUMAN,0000255,0,250
>ATS1_HUMAN,0000255,0,250
>ATS20_HUMAN,0000255,0,250
>ATS2_HUMAN,0000255,0,250
>ATS3_HUMAN,0000255,0,269
>ATS4_HUMAN,0000255,0,250
>ATS5_HUMAN,0000255,0,269
>ATS6_HUMAN,0000255,0,250
>ATS7_HUMAN,0000255,0,250
>ATS8_HUMAN,0000255,0,250
>ATS9_HUMAN,0000255,0,269
>AUGN_HUMAN,0000250,0,269
>AVR2A_HUMAN,0000255,0,250
>AVR2B_HUMAN,0000255,0,269
>B2MG_HUMAN,0000269,0,269
>BACE1_HUMAN,0000255,0,269
>BACE2_HUMAN,0000255,0,269
>BAGE1_HUMAN,0000255,0,305
>BAGE2_HUMAN,0000255,0,305
>BAGE3_HUMAN,0000255,0,305
>BAGE4_HUMAN,0000255,0,305
>BAGE5_HUMAN,0000255,0,305
>BAMBI_HUMAN,0000269,0,305
>BASI_HUMAN,0,0,269
>BCAM_HUMAN,0000269,0,0
>BDNF_HUMAN,0000255,0,269
>BGAL_HUMAN,0,0,269
>BGH3_HUMAN,0000269,0,269
>BGLR_HUMAN,0000269,0,0
>BIP_HUMAN,0000269,0,269
>BLTP2_HUMAN,0000255,0,250
>BMP10_HUMAN,0000255,0,250
>BMP15_HUMAN,0000255,0,0
>BMP1_HUMAN,0000255,0,269
>BMP2_HUMAN,0000255,0,0
>BMP3_HUMAN,0000255,0,0
>BMP4_HUMAN,0000255,0,0
>BMP5_HUMAN,0000255,0,0
>BMP6_HUMAN,0000255,0,269
>BMP7_HUMAN,0000255,0,0
>BMP8A_HUMAN,0000255,0,305
>BMP8B_HUMAN,0000255,0,250
>BMPER_HUMAN,0000255,0,269
>BMPR2_HUMAN,0000255,0,269
>BMR1A_HUMAN,0000255,0,250
>BMR1B_HUMAN,0000255,0,250
>BOC_HUMAN,0000269,0,269
>BPHL_HUMAN,0000269,0,0
>BPIA1_HUMAN,0000255,0,269
>BPIA2_HUMAN,0000255,0,250
>BPIA3_HUMAN,0000255,0,305
>BPIB1_HUMAN,0000255,0,250
>BPIB2_HUMAN,0000269,0,250
>BPIB3_HUMAN,0000255,0,269
>BPIB4_HUMAN,0000255,0,269
>BPIB6_HUMAN,0000255,0,250
>BPIFC_HUMAN,0000255,0,250
>BPI_HUMAN,0000269,0,269
>BRNP1_HUMAN,0000255,0,269
>BRNP2_HUMAN,0000255,0,305
>BRNP3_HUMAN,0000255,0,305
>BSPH1_HUMAN,0000255,0,305
>BSSP4_HUMAN,0000255,0,269
>BST1_HUMAN,0000269,0,269
>BT1A1_HUMAN,0000250,0,0
>BT2A1_HUMAN,0000255,0,250
>BT2A2_HUMAN,0000255,0,305
>BT2A3_HUMAN,0000255,0,250
>BT3A1_HUMAN,0000255,0,269
>BT3A2_HUMAN,0000255,0,269
>BT3A3_HUMAN,0000269,0,269
>BTBD6_HUMAN,0000255,0,250
>BTBDH_HUMAN,0000255,0,305
>BTC_HUMAN,0000250,0,0
>BTD_HUMAN,0,0,305
>BTLA_HUMAN,0000255,0,269
>BTNL3_HUMAN,0000255,0,250
>BTNL8_HUMAN,0000269,0,250
>BTNL9_HUMAN,0000255,0,250
>BTNLA_HUMAN,0000255,0,305
>BY55_HUMAN,0000255,0,269
>C163A_HUMAN,0000255,0,269
>C163B_HUMAN,0000269,0,305
>C16L2_HUMAN,0000269,0,305
>C1QA_HUMAN,0000269,0,0
>C1QB_HUMAN,0000269,0,0
>C1QC_HUMAN,0000269,0,0
>C1QL2_HUMAN,0000255,0,250
>C1QL3_HUMAN,0000255,0,250
>C1QL4_HUMAN,0000255,0,250
>C1QR1_HUMAN,0,0,0
>C1QRF_HUMAN,0000255,0,0
>C1QT1_HUMAN,0000255,0,305
>C1QT2_HUMAN,0000255,0,305
>C1QT3_HUMAN,0000255,0,305
>C1QT4_HUMAN,0000269,0,269
>C1QT5_HUMAN,0000269,0,305
>C1QT6_HUMAN,0000269,0,305
>C1QT7_HUMAN,0000255,0,305
>C1QT8_HUMAN,0000255,0,269
>C1RL_HUMAN,0000255,0,269
>C1R_HUMAN,0000269,0,269
>C1S_HUMAN,0000269,0,0
>C1T9A_HUMAN,0000255,0,250
>C1T9B_HUMAN,0000255,0,269
>C4BPA_HUMAN,0000269,0,0
>C4BPB_HUMAN,0,0,0
>C99L2_HUMAN,0000255,0,269
>CA054_HUMAN,0000255,0,305
>CA159_HUMAN,0000255,0,305
>CA2D1_HUMAN,0000255,0,269
>CA2D2_HUMAN,0000255,0,305
>CA2D3_HUMAN,0000255,0,305
>CA2D4_HUMAN,0000255,0,305
>CAB45_HUMAN,0000255,0,269
>CAD10_HUMAN,0000255,0,305
>CAD11_HUMAN,0000255,0,0
>CAD12_HUMAN,0000255,0,0
>CAD13_HUMAN,0000255,0,0
>CAD15_HUMAN,0000255,0,0
>CAD16_HUMAN,0000255,0,305
>CAD17_HUMAN,0000255,0,305
>CAD18_HUMAN,0000255,0,0
>CAD19_HUMAN,0000255,0,0
>CAD20_HUMAN,0000255,0,0
>CAD22_HUMAN,0000255,0,250
>CAD23_HUMAN,0000255,0,305
>CAD24_HUMAN,0000255,0,305
>CAD26_HUMAN,0000255,0,269
>CADH1_HUMAN,0000255,0,269
>CADH2_HUMAN,0000255,0,269
>CADH3_HUMAN,0000255,0,0
>CADH4_HUMAN,0000255,0,0
>CADH5_HUMAN,0000255,0,269
>CADH6_HUMAN,0000255,0,0
>CADH7_HUMAN,0000255,0,0
>CADH8_HUMAN,0000255,0,0
>CADH9_HUMAN,0000255,0,305
>CADM1_HUMAN,0000255,0,269
>CADM2_HUMAN,0000255,0,269
>CADM3_HUMAN,0000269,0,250
>CADM4_HUMAN,0000255,0,305
>CAH11_HUMAN,0000255,0,305
>CAH12_HUMAN,0000255,0,269
>CAH14_HUMAN,0000255,0,305
>CAH4_HUMAN,0000269,0,269
>CAH6_HUMAN,0000255,0,0
>CAH9_HUMAN,0000269,0,269
>CAHD1_HUMAN,0000255,0,305
>CALCA_HUMAN,0000255,0,0
>CALCB_HUMAN,0000255,0,0
>CALCR_HUMAN,0000269,0,0
>CALC_HUMAN,0000255,0,0
>CALR3_HUMAN,0000255,0,269
>CALRL_HUMAN,0000269,0,269
>CALR_HUMAN,0000269,0,269
>CALU_HUMAN,0000269,0,269
>CALX_HUMAN,0000255,0,269
>CAMP_HUMAN,0000255,0,269
>CAP7_HUMAN,0000269,0,269
>CART_HUMAN,0000269,0,305
>CASA1_HUMAN,0000269,0,0
>CASB_HUMAN,0000269,0,0
>CASK_HUMAN,0,0,0
>CASQ1_HUMAN,0000255,0,269
>CASQ2_HUMAN,0000250,0,250
>CASR_HUMAN,0000255,0,269
>CATB_HUMAN,0000255,0,269
>CATC_HUMAN,0000269,0,305
>CATD_HUMAN,0000255,0,269
>CATE_HUMAN,0000269,0,269
>CATF_HUMAN,0000255,0,0
>CATG_HUMAN,0000255,0,269
>CATH_HUMAN,0,0,0
>CATK_HUMAN,0000255,0,269
>CATL1_HUMAN,0000250,0,269
>CATL2_HUMAN,0000255,0,305
>CATO_HUMAN,0000255,0,0
>CATS_HUMAN,0000255,0,269
>CATW_HUMAN,0000269,0,269
>CATZ_HUMAN,0000255,0,0
>CB066_HUMAN,0000255,0,305
>CB092_HUMAN,0000255,0,255
>CBG_HUMAN,0000269,0,0
>CBLN1_HUMAN,0000255,0,250
>CBLN2_HUMAN,0000255,0,250
>CBLN3_HUMAN,0000269,0,250
>CBLN4_HUMAN,0000269,0,250
>CBPA1_HUMAN,0000269,0,0
>CBPA2_HUMAN,0000255,0,0
>CBPA3_HUMAN,0,0,0
>CBPA4_HUMAN,0000255,0,250
>CBPA5_HUMAN,0000255,0,250
>CBPA6_HUMAN,0000255,0,269
>CBPB1_HUMAN,0000269,0,250
>CBPB2_HUMAN,0000255,0,0
>CBPD_HUMAN,0000255,0,250
>CBPE_HUMAN,0000255,0,250
>CBPM_HUMAN,0000269,0,269
>CBPN_HUMAN,0000269,0,0
>CBPO_HUMAN,0000269,0,269
>CBPQ_HUMAN,0000255,0,269
>CBPZ_HUMAN,0000255,0,269
>CC080_HUMAN,0000255,0,305
>CC085_HUMAN,0000255,0,0
>CC107_HUMAN,0000255,0,305
>CC126_HUMAN,0000255,0,305
>CC134_HUMAN,0000269,0,269
>CC194_HUMAN,0000255,0,0
>CC4L_HUMAN,0000250,0,250
>CCBE1_HUMAN,0000255,0,269
>CCD47_HUMAN,0000255,0,269
>CCD80_HUMAN,0000255,0,250
>CCDC3_HUMAN,0000250,0,250
>CCER2_HUMAN,0000255,0,305
>CCKN_HUMAN,0000255,0,269
>CCL11_HUMAN,0000255,0,305
>CCL13_HUMAN,0000269,0,0
>CCL14_HUMAN,0000269,0,0
>CCL15_HUMAN,0000269,0,0
>CCL16_HUMAN,0000269,0,0
>CCL17_HUMAN,0000269,0,269
>CCL18_HUMAN,0000269,0,0
>CCL19_HUMAN,0,0,0
>CCL1_HUMAN,0000269,0,0
>CCL20_HUMAN,0000269,0,269
>CCL21_HUMAN,0000269,0,0
>CCL22_HUMAN,0000269,0,0
>CCL23_HUMAN,0000269,0,0
>CCL24_HUMAN,0000269,0,269
>CCL25_HUMAN,0000255,0,0
>CCL26_HUMAN,0000269,0,269
>CCL27_HUMAN,0000269,0,250
>CCL28_HUMAN,0000255,0,0
>CCL2_HUMAN,0000269,0,269
>CCL3_HUMAN,0000269,0,0
>CCL4_HUMAN,0,0,0
>CCL5_HUMAN,0000269,0,0
>CCL7_HUMAN,0000269,0,0
>CCL8_HUMAN,0000305,0,0
>CCN1_HUMAN,0000255,0,0
>CCN2_HUMAN,0000255,0,250
>CCN3_HUMAN,0000269,0,269
>CCN4_HUMAN,0000255,0,0
>CCN5_HUMAN,0000269,0,305
>CCN6_HUMAN,0000255,0,269
>CCR7_HUMAN,0000255,0,0
>CD109_HUMAN,0,0,269
>CD14_HUMAN,0,0,269
>CD166_HUMAN,0000255,0,269
>CD177_HUMAN,0000269,0,269
>CD180_HUMAN,0000269,0,0
>CD19_HUMAN,0000255,0,269
>CD1A_HUMAN,0,0,269
>CD1B_HUMAN,0000255,0,269
>CD1C_HUMAN,0000255,0,269
>CD1D_HUMAN,0000255,0,269
>CD1E_HUMAN,0000255,0,0
>CD226_HUMAN,0000269,0,305
>CD22_HUMAN,0000255,0,0
>CD244_HUMAN,0000269,0,269
>CD248_HUMAN,0000255,0,305
>CD24_HUMAN,0000255,0,0
>CD276_HUMAN,0000269,0,305
>CD27_HUMAN,0000269,0,0
>CD28_HUMAN,0,0,269
>CD2_HUMAN,0,0,269
>CD302_HUMAN,0000255,0,269
>CD320_HUMAN,0000269,0,269
>CD33_HUMAN,0000255,0,269
>CD34_HUMAN,0000269,0,0
>CD3CH_HUMAN,0000255,0,269
>CD3D_HUMAN,0,0,0
>CD3E_HUMAN,0,0,269
>CD3G_HUMAN,0,0,269
>CD3Z_HUMAN,0,0,250
>CD44_HUMAN,0000250,0,269
>CD47_HUMAN,0000255,0,269
>CD48_HUMAN,0000255,0,269
>CD4_HUMAN,0000269,0,269
>CD52_HUMAN,0000269,0,0
>CD59_HUMAN,0000269,0,0
>CD5L_HUMAN,0000269,0,269
>CD5_HUMAN,0,0,0
>CD68_HUMAN,0000255,0,0
>CD6_HUMAN,0000255,0,269
>CD79A_HUMAN,0000269,0,250
>CD79B_HUMAN,0000269,0,250
>CD7_HUMAN,0,0,0
>CD80_HUMAN,0000269,0,0
>CD83_HUMAN,0000269,0,0
>CD86_HUMAN,0000255,0,0
>CD8A_HUMAN,0,0,269
>CD8B2_HUMAN,0000255,0,250
>CD8B_HUMAN,0,0,269
>CD99_HUMAN,0000269,0,305
>CDCP1_HUMAN,0000269,0,305
>CDCP2_HUMAN,0000255,0,305
>CDHR1_HUMAN,0000255,0,250
>CDHR2_HUMAN,0000255,0,269
>CDHR3_HUMAN,0000255,0,269
>CDHR4_HUMAN,0000255,0,305
>CDHR5_HUMAN,0000255,0,269
>CDNF_HUMAN,0000255,0,269
>CDON_HUMAN,0000255,0,250
>CDSN_HUMAN,0000255,0,0
>CE046_HUMAN,0000255,0,305
>CE064_HUMAN,0000255,0,305
>CEA16_HUMAN,0000255,0,269
>CEA18_HUMAN,0000255,0,0
>CEA19_HUMAN,0000255,0,305
>CEA20_HUMAN,0000255,0,305
>CEA21_HUMAN,0000255,0,305
>CEAM1_HUMAN,0,0,269
>CEAM3_HUMAN,0000250,0,0
>CEAM4_HUMAN,0000255,0,0
>CEAM5_HUMAN,0,0,269
>CEAM6_HUMAN,0000269,0,269
>CEAM7_HUMAN,0000269,0,269
>CEAM8_HUMAN,0,0,269
>CEAS1_HUMAN,0000255,0,305
>CECR9_HUMAN,0000255,0,305
>CEI_HUMAN,0000255,0,305
>CEL2A_HUMAN,0,0,269
>CEL2B_HUMAN,0,0,0
>CEL3A_HUMAN,0,1,0
>CEL3B_HUMAN,0,1,0
>CELA1_HUMAN,0000250,0,250
>CELR1_HUMAN,0000255,0,0
>CELR2_HUMAN,0000255,0,0
>CELR3_HUMAN,0000255,0,0
>CEL_HUMAN,0000269,0,269
>CEMIP_HUMAN,0000269,0,0
>CER1_HUMAN,0000269,0,305
>CERU_HUMAN,0000269,0,250
>CES1P_HUMAN,0000255,0,305
>CETP_HUMAN,0,0,269
>CF015_HUMAN,0000255,0,250
>CF120_HUMAN,0000255,0,269
>CFAB_HUMAN,0000269,0,0
>CFAD_HUMAN,0000255,0,0
>CFAH_HUMAN,0000269,0,269
>CFAI_HUMAN,0,0,269
>CFC1B_HUMAN,0000255,0,305
>CFC1_HUMAN,0000255,0,269
>CG069_HUMAN,0000255,0,305
>CGB1_HUMAN,0000255,0,0
>CGB2_HUMAN,0000255,0,0
>CGB3_HUMAN,0000269,0,269
>CGB7_HUMAN,0000250,0,269
>CGRE1_HUMAN,0000255,0,250
>CGT_HUMAN,0000255,0,305
>CH3L1_HUMAN,0000269,0,269
>CH3L2_HUMAN,0,0,305
>CHADL_HUMAN,0000255,0,269
>CHAD_HUMAN,0000255,0,250
>CHIA_HUMAN,0000250,0,0
>CHID1_HUMAN,0000255,0,269
>CHIT1_HUMAN,0000269,0,0
>CHLE_HUMAN,0000269,0,269
>CHODL_HUMAN,0000255,0,269
>CHRD_HUMAN,0000255,0,250
>CILP1_HUMAN,0000255,0,269
>CILP2_HUMAN,0000255,0,269
>CIROP_HUMAN,0000255,0,255
>CIST1_HUMAN,0000255,0,255
>CK024_HUMAN,0000255,0,269
>CK087_HUMAN,0000255,0,305
>CL18A_HUMAN,0000255,0,269
>CL18B_HUMAN,0000255,0,305
>CL18C_HUMAN,0000255,0,305
>CL19A_HUMAN,0000255,0,305
>CL20A_HUMAN,0000255,0,0
>CL3L1_HUMAN,0000269,0,0
>CLC11_HUMAN,0000269,0,269
>CLC14_HUMAN,0000269,0,305
>CLC3A_HUMAN,0000269,0,269
>CLCA1_HUMAN,0000255,0,269
>CLCA2_HUMAN,0000255,0,0
>CLCA3_HUMAN,0000255,0,269
>CLCA4_HUMAN,0000255,0,250
>CLCC1_HUMAN,0000255,0,269
>CLCF1_HUMAN,0000255,0,250
>CLGN_HUMAN,0000255,0,0
>CLM1_HUMAN,0000269,0,305
>CLM2_HUMAN,0000255,0,0
>CLM5_HUMAN,0000255,0,269
>CLM6_HUMAN,0000255,0,305
>CLM7_HUMAN,0000255,0,250
>CLM8_HUMAN,0000255,0,305
>CLM9_HUMAN,0000269,0,250
>CLMP_HUMAN,0000255,0,269
>CLTRN_HUMAN,0000255,0,269
>CLUL1_HUMAN,0000255,0,305
>CLUS_HUMAN,0000269,0,269
>CMA1_HUMAN,0,0,0
>CMGA_HUMAN,0000269,0,269
>CN093_HUMAN,0000255,0,305
>CNDP1_HUMAN,0000255,0,269
>CNPY2_HUMAN,0000255,0,255
>CNPY3_HUMAN,0000255,0,250
>CNPY4_HUMAN,0000255,0,305
>CNT3B_HUMAN,0000255,0,305
>CNTFR_HUMAN,0000255,0,0
>CNTN1_HUMAN,0,0,0
>CNTN2_HUMAN,0000269,0,0
>CNTN3_HUMAN,0000255,0,250
>CNTN4_HUMAN,0000255,0,250
>CNTN5_HUMAN,0000255,0,250
>CNTN6_HUMAN,0000255,0,250
>CNTP1_HUMAN,0000255,0,305
>CNTP2_HUMAN,0000255,0,305
>CNTP3_HUMAN,0000255,0,305
>CNTP4_HUMAN,0000255,0,250
>CNTP5_HUMAN,0000255,0,305
>CO061_HUMAN,0000255,0,305
>CO1A1_HUMAN,0,0,255
>CO1A2_HUMAN,0000250,0,255
>CO2A1_HUMAN,0000255,0,255
>CO2_HUMAN,0000269,0,0
>CO3A1_HUMAN,0,0,255
>CO3_HUMAN,0000269,0,0
>CO4A1_HUMAN,0000269,0,250
>CO4A2_HUMAN,0,0,0
>CO4A3_HUMAN,0000255,0,250
>CO4A4_HUMAN,0000255,0,250
>CO4A5_HUMAN,0000255,0,0
>CO4A6_HUMAN,0000255,0,0
>CO4A_HUMAN,0,0,269
>CO4B_HUMAN,0,0,269
>CO5A1_HUMAN,0000255,0,255
>CO5A2_HUMAN,0,0,255
>CO5A3_HUMAN,0000255,0,255
>CO5_HUMAN,0000255,0,0
>CO6A1_HUMAN,0,0,250
>CO6A2_HUMAN,0000255,0,269
>CO6A3_HUMAN,0000255,0,250
>CO6A5_HUMAN,0000255,0,250
>CO6A6_HUMAN,0000255,0,250
>CO6_HUMAN,0000269,0,0
>CO7A1_HUMAN,0000255,0,0
>CO7_HUMAN,0,0,0
>CO8A1_HUMAN,0000255,0,0
>CO8A2_HUMAN,0000255,0,0
>CO8A_HUMAN,0000255,0,0
>CO8B_HUMAN,0000255,0,0
>CO8G_HUMAN,0,0,0
>CO9A1_HUMAN,0,0,250
>CO9A2_HUMAN,0000255,0,250
>CO9A3_HUMAN,0000255,0,250
>CO9_HUMAN,0000269,0,269
>COAA1_HUMAN,0000255,0,250
>COBA1_HUMAN,0000255,0,255
>COBA2_HUMAN,0000255,0,255
>COCA1_HUMAN,0000255,0,250
>COCH_HUMAN,0000255,0,269
>COEA1_HUMAN,0000255,0,250
>COFA1_HUMAN,0000255,0,269
>COGA1_HUMAN,0000269,0,269
>COIA1_HUMAN,0000255,0,269
>COJA1_HUMAN,0000255,0,250
>COKA1_HUMAN,0000255,0,305
>COL10_HUMAN,0000255,0,269
>COL11_HUMAN,0000255,0,269
>COLA1_HUMAN,0000255,0,269
>COLI_HUMAN,0000269,0,250
>COLL1_HUMAN,0000255,0,255
>COLL2_HUMAN,0000269,0,305
>COLQ_HUMAN,0000255,0,0
>COL_HUMAN,0,0,305
>COMA1_HUMAN,0000255,0,250
>COMP_HUMAN,0000255,0,269
>COOA1_HUMAN,0000255,0,255
>COQA1_HUMAN,0000255,0,0
>CORA1_HUMAN,0000255,0,250
>CORT_HUMAN,0000255,0,0
>COSA1_HUMAN,0000255,0,250
>CP089_HUMAN,0000255,0,269
>CP2CI_HUMAN,0000255,0,269
>CP2R1_HUMAN,0000255,0,305
>CP2W1_HUMAN,0000255,0,269
>CP39A_HUMAN,0000255,0,250
>CPED1_HUMAN,0000255,0,0
>CPMD8_HUMAN,0000255,0,269
>CPN2_HUMAN,0000255,0,0
>CPVL_HUMAN,0000255,0,0
>CPXM1_HUMAN,0000255,0,250
>CPXM2_HUMAN,0000255,0,305
>CQ058_HUMAN,0000255,0,0
>CQ067_HUMAN,0000255,0,305
>CQ077_HUMAN,0000255,0,305
>CR020_HUMAN,0000255,0,305
>CR1L_HUMAN,0000255,0,269
>CR1_HUMAN,0,0,269
>CR2_HUMAN,0,0,269
>CRAC1_HUMAN,0000255,0,269
>CRDL1_HUMAN,0000255,0,305
>CRDL2_HUMAN,0000269,0,305
>CREG1_HUMAN,0000269,0,269
>CREG2_HUMAN,0000255,0,269
>CREL1_HUMAN,0000255,0,305
>CREL2_HUMAN,0000269,0,269
>CRFR1_HUMAN,0000269,0,0
>CRFR2_HUMAN,0,0,269
>CRF_HUMAN,0000305,0,250
>CRHBP_HUMAN,0,0,0
>CRIM1_HUMAN,0000269,0,269
>CRIS1_HUMAN,0000269,0,0
>CRIS2_HUMAN,0000255,0,305
>CRIS3_HUMAN,0000255,0,0
>CRLD1_HUMAN,0000255,0,305
>CRLD2_HUMAN,0000255,0,250
>CRLF1_HUMAN,0000269,0,269
>CRLF2_HUMAN,0000255,0,305
>CRP_HUMAN,0000269,0,0
>CRSPL_HUMAN,0000255,0,305
>CRTAM_HUMAN,0000255,0,250
>CRTAP_HUMAN,0000255,0,250
>CRUM1_HUMAN,0000255,0,305
>CRUM2_HUMAN,0000255,0,250
>CRUM3_HUMAN,0000255,0,269
>CS018_HUMAN,0000255,0,305
>CSAG1_HUMAN,0000255,0,269
>CSF1R_HUMAN,0000255,0,0
>CSF1_HUMAN,0000269,0,269
>CSF2R_HUMAN,0,0,305
>CSF2_HUMAN,0,0,269
>CSF3R_HUMAN,0,0,269
>CSF3_HUMAN,0000305,0,0
>CSH1_HUMAN,0000269,0,0
>CSH2_HUMAN,0000269,0,0
>CSHL_HUMAN,0000255,0,269
>CSMD1_HUMAN,0000255,0,305
>CSPG2_HUMAN,0000269,0,269
>CSPG4_HUMAN,0000255,0,250
>CSPG5_HUMAN,0000255,0,269
>CST11_HUMAN,0000255,0,269
>CST8_HUMAN,0000255,0,0
>CST9L_HUMAN,0000269,0,305
>CST9P_HUMAN,0000255,0,305
>CST9_HUMAN,0000255,0,269
>CSTL1_HUMAN,0000255,0,305
>CSTN1_HUMAN,0000269,0,269
>CSTN2_HUMAN,0000255,0,250
>CSTN3_HUMAN,0000255,0,250
>CT204_HUMAN,0000255,0,0
>CTHR1_HUMAN,0,0,250
>CTLA4_HUMAN,0000255,0,269
>CTNS_HUMAN,0000269,0,269
>CTRB1_HUMAN,0,0,0
>CTRB2_HUMAN,0000250,0,0
>CTRC_HUMAN,0000255,0,0
>CTRL_HUMAN,0000255,0,0
>CTSRD_HUMAN,0000255,0,250
>CTSRE_HUMAN,0000255,0,269
>CTSRG_HUMAN,0000255,0,305
>CU062_HUMAN,0000255,0,0
>CUBN_HUMAN,0000255,0,269
>CUTA_HUMAN,0000255,0,0
>CUZD1_HUMAN,0000255,0,250
>CX066_HUMAN,0000255,0,305
>CXAR_HUMAN,0000255,0,269
>CXCL2_HUMAN,0,0,0
>CXCL3_HUMAN,0000269,0,0
>CXCL5_HUMAN,0000269,0,0
>CXCL6_HUMAN,0000269,0,0
>CXCL7_HUMAN,0000269,0,0
>CXCL9_HUMAN,0000269,0,0
>CXL10_HUMAN,0000269,0,269
>CXL11_HUMAN,0000269,0,0
>CXL13_HUMAN,0000255,0,0
>CXL14_HUMAN,0000269,0,0
>CXL16_HUMAN,0000255,0,305
>CXL17_HUMAN,0000269,0,269
>CYTC_HUMAN,0000269,0,269
>CYTD_HUMAN,0000269,0,269
>CYTF_HUMAN,0000255,0,269
>CYTL1_HUMAN,0000269,0,269
>CYTM_HUMAN,0000305,0,0
>CYTN_HUMAN,0000269,0,269
>CYTS_HUMAN,0000269,0,269
>CYTT_HUMAN,0000269,0,269
>CYYR1_HUMAN,0000255,0,305
>D103A_HUMAN,0000269,0,0
>D104A_HUMAN,0000255,0,0
>D105A_HUMAN,0000255,0,0
>D106A_HUMAN,0000305,0,269
>D107A_HUMAN,0000255,0,0
>D108B_HUMAN,0000255,0,0
>D130A_HUMAN,0000255,0,305
>D130B_HUMAN,0000255,0,305
>D131A_HUMAN,0000255,0,305
>D131B_HUMAN,0000255,0,305
>DAF_HUMAN,0000269,0,269
>DAG1_HUMAN,0000255,0,269
>DAND5_HUMAN,0000255,0,305
>DB108_HUMAN,0000255,0,250
>DB109_HUMAN,0000255,0,250
>DB110_HUMAN,0000255,0,250
>DB112_HUMAN,0000255,0,250
>DB113_HUMAN,0000255,0,250
>DB114_HUMAN,0000255,0,250
>DB115_HUMAN,0000255,0,250
>DB116_HUMAN,0000255,0,250
>DB118_HUMAN,0000255,0,269
>DB119_HUMAN,0000255,0,305
>DB121_HUMAN,0000255,0,305
>DB123_HUMAN,0000255,0,305
>DB124_HUMAN,0000255,0,305
>DB125_HUMAN,0000255,0,305
>DB126_HUMAN,0000255,0,269
>DB127_HUMAN,0000269,0,305
>DB128_HUMAN,0000255,0,305
>DB129_HUMAN,0000255,0,305
>DB132_HUMAN,0000255,0,305
>DB133_HUMAN,0000255,0,305
>DB134_HUMAN,0000255,0,305
>DB135_HUMAN,0000255,0,305
>DB136_HUMAN,0000255,0,250
>DCBD1_HUMAN,0000255,0,305
>DCBD2_HUMAN,0000255,0,269
>DCC_HUMAN,0000255,0,0
>DCD_HUMAN,0000269,0,269
>DDR1_HUMAN,0000255,0,305
>DDR2_HUMAN,0000255,0,269
>DDRGK_HUMAN,0000255,0,269
>DEF1_HUMAN,0000269,0,0
>DEF3_HUMAN,0,0,269
>DEF4_HUMAN,0000255,0,269
>DEF5_HUMAN,0000255,0,269
>DEF6_HUMAN,0000255,0,269
>DEFB1_HUMAN,0000255,0,269
>DERM_HUMAN,0000250,0,250
>DFB4A_HUMAN,0000255,0,269
>DHB11_HUMAN,0000255,0,250
>DHB13_HUMAN,0000255,0,269
>DHC24_HUMAN,0000255,0,269
>DHH_HUMAN,0000255,0,269
>DHI1L_HUMAN,0000255,0,305
>DHR11_HUMAN,0000255,0,305
>DHR13_HUMAN,0000255,0,305
>DHRS7_HUMAN,0000255,0,269
>DHRS9_HUMAN,0000255,0,269
>DIAC_HUMAN,0000250,0,0
>DIK2A_HUMAN,0000255,0,0
>DIK2B_HUMAN,0000255,0,305
>DJB11_HUMAN,0000250,0,269
>DJC10_HUMAN,0000255,0,269
>DJC16_HUMAN,0000255,0,269
>DKK1_HUMAN,0000269,0,0
>DKK2_HUMAN,0000255,0,0
>DKK3_HUMAN,0000269,0,0
>DKK4_HUMAN,0000269,0,0
>DKKL1_HUMAN,0000255,0,250
>DLK1_HUMAN,0000269,0,250
>DLK2_HUMAN,0000255,0,305
>DLL1_HUMAN,0000255,0,250
>DLL3_HUMAN,0000255,0,305
>DLL4_HUMAN,0000269,0,305
>DMA_HUMAN,0000255,0,0
>DMBT1_HUMAN,0000255,0,250
>DMB_HUMAN,0000255,0,269
>DMKN_HUMAN,0000269,0,269
>DMP1_HUMAN,0000255,0,269
>DNAS1_HUMAN,0000269,0,269
>DNER_HUMAN,0000255,0,250
>DNJB9_HUMAN,0000255,0,250
>DNJC1_HUMAN,0000255,0,250
>DNJC3_HUMAN,0000255,0,250
>DNS2A_HUMAN,0000255,0,0
>DNS2B_HUMAN,0000255,0,305
>DNSL1_HUMAN,0000255,0,269
>DNSL2_HUMAN,0000255,0,269
>DNSL3_HUMAN,0000250,0,269
>DOA_HUMAN,0000255,0,0
>DOB_HUMAN,0,0,0
>DPA1_HUMAN,0,0,0
>DPB1_HUMAN,0,0,0
>DPEP1_HUMAN,0000269,0,269
>DPEP2_HUMAN,0000255,0,250
>DPEP3_HUMAN,0000255,0,250
>DPP2_HUMAN,0000255,0,269
>DQA1_HUMAN,0000269,0,0
>DQA2_HUMAN,0,0,269
>DQB1_HUMAN,0000269,0,0
>DQB2_HUMAN,0,0,269
>DR4L2_HUMAN,0000255,0,305
>DRAXI_HUMAN,0000255,0,305
>DRA_HUMAN,0000269,0,269
>DRB1_HUMAN,0000269,0,269
>DRB3_HUMAN,0000255,0,269
>DRB4_HUMAN,0,0,0
>DRB5_HUMAN,0000269,0,269
>DRS7C_HUMAN,0000255,0,250
>DSC1_HUMAN,0000255,0,0
>DSC2_HUMAN,0000255,0,269
>DSC3_HUMAN,0000255,0,0
>DSCAM_HUMAN,0000255,0,305
>DSCL1_HUMAN,0000255,0,269
>DSEL_HUMAN,0000255,0,305
>DSE_HUMAN,0000255,0,269
>DSG1_HUMAN,0000255,0,269
>DSG2_HUMAN,0000255,0,269
>DSG3_HUMAN,0000255,0,305
>DSG4_HUMAN,0000255,0,250
>DSPP_HUMAN,0000255,0,0
>DUOX1_HUMAN,0000255,0,269
>DUOX2_HUMAN,0000255,0,269
>E2AK3_HUMAN,0000255,0,0
>ECM1_HUMAN,0000250,0,0
>ECM2_HUMAN,0000255,0,250
>ECP_HUMAN,0000269,0,0
>ECSCR_HUMAN,0000255,0,0
>EDAR_HUMAN,0000269,0,305
>EDD13_HUMAN,0000255,0,305
>EDEM2_HUMAN,0000255,0,269
>EDEM3_HUMAN,0000255,0,255
>EDIL3_HUMAN,0000255,0,0
>EDN1_HUMAN,0000269,0,0
>EDN2_HUMAN,0000255,0,0
>EDN3_HUMAN,0000255,0,0
>EDNRA_HUMAN,0000255,0,0
>EDNRB_HUMAN,0000255,0,269
>EFC1_HUMAN,0000255,0,305
>EFNA1_HUMAN,0000269,0,269
>EFNA2_HUMAN,0000255,0,305
>EFNA3_HUMAN,0000255,0,0
>EFNA4_HUMAN,0000269,0,305
>EFNA5_HUMAN,0000255,0,269
>EFNB1_HUMAN,0000269,0,269
>EFNB2_HUMAN,0000255,0,269
>EFNB3_HUMAN,0000269,0,0
>EGFL6_HUMAN,0000255,0,250
>EGFL7_HUMAN,0000255,0,269
>EGFL8_HUMAN,0000269,0,305
>EGFLA_HUMAN,0000255,0,250
>EGFR_HUMAN,0000269,0,269
>EGF_HUMAN,0000255,0,0
>EGLN_HUMAN,0000269,0,269
>ELAF_HUMAN,0000269,0,0
>ELAP1_HUMAN,0000255,0,269
>ELAP2_HUMAN,0000255,0,250
>ELA_HUMAN,0000305,0,269
>ELFN1_HUMAN,0000255,0,305
>ELNE_HUMAN,0000255,0,269
>ELN_HUMAN,0000250,0,269
>EMB_HUMAN,0000255,0,250
>EMC10_HUMAN,0000269,0,269
>EMC1_HUMAN,0000269,0,269
>EMC7_HUMAN,0000269,0,269
>EMID1_HUMAN,0000255,0,0
>EMIL1_HUMAN,0000269,0,269
>EMIL2_HUMAN,0000255,0,0
>EMIL3_HUMAN,0000255,0,250
>EN113_HUMAN,0000255,0,250
>ENAM_HUMAN,0000255,0,250
>ENDD1_HUMAN,0000255,0,305
>ENDOU_HUMAN,0000269,0,305
>ENH1_HUMAN,0000255,0,305
>ENH3_HUMAN,0000255,0,305
>ENHO_HUMAN,0000255,0,269
>ENK19_HUMAN,0000255,0,250
>ENK21_HUMAN,0000255,0,250
>ENK25_HUMAN,0000255,0,305
>ENK6_HUMAN,0000255,0,250
>ENK8_HUMAN,0000255,0,250
>ENK9_HUMAN,0000255,0,250
>ENPL_HUMAN,0000269,0,269
>ENPP2_HUMAN,0000250,0,269
>ENPP4_HUMAN,0000255,0,269
>ENPP5_HUMAN,0000250,0,305
>ENPP6_HUMAN,0000250,0,269
>ENPP7_HUMAN,0000255,0,269
>ENR1_HUMAN,0000255,0,0
>ENTP5_HUMAN,0000255,0,269
>ENVT1_HUMAN,0000255,0,305
>EOGT_HUMAN,0000255,0,255
>EP3A_HUMAN,0000255,0,305
>EP3B_HUMAN,0000255,0,305
>EPCAM_HUMAN,0000255,0,269
>EPCR_HUMAN,0000255,0,0
>EPDR1_HUMAN,0000255,0,269
>EPGN_HUMAN,0000269,0,305
>EPHA1_HUMAN,0000255,0,269
>EPHA2_HUMAN,0000255,0,269
>EPHA3_HUMAN,0000269,0,269
>EPHA4_HUMAN,0000255,0,250
>EPHA5_HUMAN,0000255,0,269
>EPHA6_HUMAN,0000255,0,250
>EPHA7_HUMAN,0000255,0,305
>EPHA8_HUMAN,0000255,0,250
>EPHAA_HUMAN,0000255,0,305
>EPHB1_HUMAN,0000269,0,269
>EPHB2_HUMAN,0000255,0,250
>EPHB3_HUMAN,0000255,0,269
>EPHB4_HUMAN,0000255,0,269
>EPHB6_HUMAN,0000269,0,305
>EPOR_HUMAN,0,0,269
>EPO_HUMAN,0000269,0,269
>EPPI_HUMAN,0000255,0,0
>EPYC_HUMAN,0000255,0,250
>EQTN_HUMAN,0000255,0,250
>ERBB2_HUMAN,0000255,0,269
>ERBB3_HUMAN,0000255,0,269
>ERBB4_HUMAN,0000255,0,269
>EREG_HUMAN,0000255,0,269
>EREP1_HUMAN,0000255,0,269
>ERFE_HUMAN,0000255,0,250
>ERLEC_HUMAN,0000255,0,269
>ERMAP_HUMAN,0000255,0,269
>ERN1_HUMAN,0000255,0,269
>ERN2_HUMAN,0000255,0,269
>ERO1A_HUMAN,0000269,0,269
>ERO1B_HUMAN,0000255,0,269
>ERP27_HUMAN,0000255,0,269
>ERP29_HUMAN,0000269,0,0
>ERP44_HUMAN,0,0,269
>ERVV1_HUMAN,0000255,0,305
>ERVV2_HUMAN,0000255,0,305
>ESAM_HUMAN,0000269,0,250
>ESM1_HUMAN,0000255,0,0
>ESPB1_HUMAN,0000255,0,269
>EST1_HUMAN,0000269,0,269
>EST2_HUMAN,0000269,0,269
>EST3_HUMAN,0000255,0,250
>EST4A_HUMAN,0000255,0,305
>EST5A_HUMAN,0000255,0,250
>EVA1C_HUMAN,0000255,0,305
>EVI2A_HUMAN,0000255,0,0
>EVI2B_HUMAN,0000255,0,0
>EXAS1_HUMAN,0000255,0,305
>EYS_HUMAN,0000255,0,269
>F13B_HUMAN,0000269,0,269
>F1711_HUMAN,0000255,0,269
>F1712_HUMAN,0000255,0,305
>F171B_HUMAN,0000255,0,305
>F172A_HUMAN,0000255,0,250
>F174A_HUMAN,0000255,0,305
>F174B_HUMAN,0000255,0,269
>F174C_HUMAN,0000255,0,305
>F180A_HUMAN,0000255,0,305
>F180B_HUMAN,0000255,0,305
>F187A_HUMAN,0000255,0,305
>F187B_HUMAN,0000255,0,305
>F209A_HUMAN,0000255,0,250
>F209B_HUMAN,0000255,0,250
>F237A_HUMAN,0000305,0,305
>F237B_HUMAN,0000305,0,305
>FA10_HUMAN,0000255,0,0
>FA11_HUMAN,0,0,0
>FA12_HUMAN,0000269,0,0
>FA20A_HUMAN,0000255,0,269
>FA24A_HUMAN,0000255,0,305
>FA24B_HUMAN,0000255,0,305
>FA5_HUMAN,0,0,250
>FA7_HUMAN,0000255,0,0
>FA8_HUMAN,0,0,0
>FA9_HUMAN,0000255,0,269
>FAIM3_HUMAN,0000255,0,269
>FAM3A_HUMAN,0000255,0,305
>FAM3B_HUMAN,0,0,0
>FAM3C_HUMAN,0000255,0,269
>FAM3D_HUMAN,0000255,0,305
>FAT1_HUMAN,0000255,0,269
>FAT2_HUMAN,0000255,0,269
>FAT3_HUMAN,0000255,0,305
>FAT4_HUMAN,0000255,0,305
>FBLN1_HUMAN,0000269,0,0
>FBLN2_HUMAN,0000255,0,0
>FBLN3_HUMAN,0000255,0,250
>FBLN4_HUMAN,0000269,0,269
>FBLN5_HUMAN,0000255,0,269
>FBLN7_HUMAN,0000255,0,250
>FBN1_HUMAN,0000269,0,269
>FBN2_HUMAN,0000255,0,269
>FBN3_HUMAN,0000255,0,269
>FCAMR_HUMAN,0000255,0,250
>FCAR_HUMAN,0000255,0,0
>FCERA_HUMAN,0000269,0,269
>FCERG_HUMAN,0000255,0,269
>FCG2A_HUMAN,0000269,0,269
>FCG2B_HUMAN,0000255,0,0
>FCG2C_HUMAN,0000255,0,305
>FCG3A_HUMAN,0000255,0,269
>FCG3B_HUMAN,0000255,0,269
>FCGBP_HUMAN,0000255,0,305
>FCGR1_HUMAN,0000269,0,269
>FCGRB_HUMAN,0000255,0,269
>FCGRN_HUMAN,0000269,0,269
>FCN1_HUMAN,0000269,0,269
>FCN2_HUMAN,0000255,0,0
>FCN3_HUMAN,0000269,0,0
>FCRL1_HUMAN,0000255,0,269
>FCRL2_HUMAN,0000269,0,269
>FCRL3_HUMAN,0000255,0,269
>FCRL4_HUMAN,0000255,0,269
>FCRL5_HUMAN,0000255,0,269
>FCRL6_HUMAN,0000255,0,269
>FCRLA_HUMAN,0000269,0,269
>FCRLB_HUMAN,0000255,0,269
>FDSCP_HUMAN,0000255,0,0
>FETA_HUMAN,0000269,0,0
>FETUA_HUMAN,0000269,0,0
>FETUB_HUMAN,0000255,0,250
>FGF10_HUMAN,0000255,0,305
>FGF17_HUMAN,0000255,0,0
>FGF18_HUMAN,0000255,0,250
>FGF19_HUMAN,0000269,0,0
>FGF21_HUMAN,0000269,0,250
>FGF22_HUMAN,0000255,0,305
>FGF23_HUMAN,0000269,0,269
>FGF3_HUMAN,0000255,0,305
>FGF4_HUMAN,0000255,0,305
>FGF5_HUMAN,0000255,0,305
>FGF6_HUMAN,0000255,0,0
>FGF7_HUMAN,0000269,0,0
>FGF8_HUMAN,0000255,0,0
>FGFP1_HUMAN,0000255,0,269
>FGFP2_HUMAN,0000255,0,269
>FGFP3_HUMAN,0000255,0,269
>FGFR1_HUMAN,0,0,0
>FGFR2_HUMAN,0000255,0,0
>FGFR3_HUMAN,0,0,250
>FGFR4_HUMAN,0000269,0,0
>FGL1_HUMAN,0000269,0,269
>FGL2_HUMAN,0000255,0,0
>FGRL1_HUMAN,0000269,0,269
>FHR1_HUMAN,0000255,0,0
>FHR2_HUMAN,0000269,0,0
>FHR3_HUMAN,0000255,0,0
>FHR4_HUMAN,0000255,0,0
>FHR5_HUMAN,0000255,0,0
>FIBA_HUMAN,0000269,0,269
>FIBB_HUMAN,0000269,0,269
>FIBG_HUMAN,0000269,0,269
>FIBIN_HUMAN,0000269,0,269
>FINC_HUMAN,0000269,0,305
>FJX1_HUMAN,0000255,0,250
>FKB10_HUMAN,0000255,0,255
>FKB11_HUMAN,0000255,0,305
>FKB14_HUMAN,0000269,0,269
>FKBP2_HUMAN,0,0,305
>FKBP7_HUMAN,0000255,0,255
>FKBP9_HUMAN,0000255,0,255
>FLRT1_HUMAN,0000255,0,250
>FLRT2_HUMAN,0000269,0,250
>FLRT3_HUMAN,0000255,0,250
>FLT3L_HUMAN,0000255,0,0
>FLT3_HUMAN,0000255,0,0
>FMOD_HUMAN,0000250,0,0
>FND10_HUMAN,0000255,0,305
>FNDC1_HUMAN,0000255,0,305
>FNDC4_HUMAN,0000255,0,305
>FNDC5_HUMAN,0000255,0,269
>FNDC7_HUMAN,0000255,0,305
>FOLR1_HUMAN,0000255,0,269
>FOLR2_HUMAN,0,0,305
>FOLR3_HUMAN,0000255,0,0
>FONG_HUMAN,0000255,0,0
>FPRP_HUMAN,0000255,0,250
>FRAS1_HUMAN,0000255,0,250
>FREM1_HUMAN,0000255,0,250
>FREM2_HUMAN,0000255,0,305
>FREM3_HUMAN,0000255,0,250
>FRS1L_HUMAN,0000255,0,250
>FSHB_HUMAN,0000269,0,269
>FSHR_HUMAN,0000255,0,269
>FSTL1_HUMAN,0000269,0,305
>FSTL3_HUMAN,0000269,0,269
>FSTL4_HUMAN,0000255,0,305
>FSTL5_HUMAN,0000255,0,305
>FST_HUMAN,0000269,0,0
>FUCO2_HUMAN,0000255,0,305
>FUCO_HUMAN,0000255,0,269
>FURIN_HUMAN,0000255,0,269
>FXRD2_HUMAN,0000255,0,269
>FXYD3_HUMAN,0000269,0,305
>FXYD4_HUMAN,0000255,0,305
>FXYD5_HUMAN,0000255,0,305
>FXYD6_HUMAN,0000250,0,305
>FXYD8_HUMAN,0000255,0,305
>FZD10_HUMAN,0000255,0,305
>FZD1_HUMAN,0000255,0,269
>FZD2_HUMAN,0000255,0,250
>FZD3_HUMAN,0000269,0,250
>FZD4_HUMAN,0000255,0,269
>FZD5_HUMAN,0000255,0,250
>FZD6_HUMAN,0000255,0,250
>FZD7_HUMAN,0000255,0,269
>FZD8_HUMAN,0000255,0,250
>FZD9_HUMAN,0000255,0,250
>G37L1_HUMAN,0000255,0,269
>G6B_HUMAN,0000269,0,269
>G6PE_HUMAN,0000250,0,305
>GABR1_HUMAN,0000255,0,269
>GABR2_HUMAN,0000255,0,269
>GAK1A_HUMAN,0000255,0,269
>GALA_HUMAN,0000255,0,269
>GALC_HUMAN,0000269,0,0
>GALD1_HUMAN,0000255,0,305
>GALNS_HUMAN,0,0,0
>GALP_HUMAN,0000250,0,0
>GANAB_HUMAN,0000255,0,269
>GAS1_HUMAN,0000255,0,250
>GAS6_HUMAN,0000255,0,269
>GAST_HUMAN,0000269,0,0
>GBA1_HUMAN,0000269,0,269
>GBRA1_HUMAN,0000255,0,269
>GBRA2_HUMAN,0000255,0,250
>GBRA3_HUMAN,0000255,0,0
>GBRA4_HUMAN,0000255,0,0
>GBRA5_HUMAN,0000255,0,269
>GBRA6_HUMAN,0000255,0,0
>GBRB1_HUMAN,0000255,0,269
>GBRB2_HUMAN,0000250,0,269
>GBRB3_HUMAN,0000255,0,269
>GBRD_HUMAN,0000255,0,0
>GBRE_HUMAN,0000255,0,0
>GBRG1_HUMAN,0000255,0,0
>GBRG2_HUMAN,0000255,0,269
>GBRG3_HUMAN,0000255,0,0
>GBRP_HUMAN,0000255,0,0
>GBRR1_HUMAN,0000255,0,0
>GBRR2_HUMAN,0000255,0,0
>GBRR3_HUMAN,0000255,0,250
>GBRT_HUMAN,0000255,0,0
>GDF10_HUMAN,0000255,0,250
>GDF11_HUMAN,0000255,0,305
>GDF15_HUMAN,0000255,0,269
>GDF1_HUMAN,0000255,0,0
>GDF2_HUMAN,0000255,0,269
>GDF3_HUMAN,0000255,0,269
>GDF5_HUMAN,0000255,0,269
>GDF6_HUMAN,0000255,0,269
>GDF7_HUMAN,0000255,0,250
>GDF8_HUMAN,0000255,0,250
>GDF9_HUMAN,0000255,0,250
>GDNF_HUMAN,0000255,0,269
>GDN_HUMAN,0000269,0,0
>GELS_HUMAN,0,0,0
>GFOD1_HUMAN,0000255,0,305
>GFOD2_HUMAN,0000255,0,250
>GFRA1_HUMAN,0000255,0,250
>GFRA2_HUMAN,0000255,0,250
>GFRA3_HUMAN,0000269,0,0
>GFRA4_HUMAN,0000255,0,0
>GFRAL_HUMAN,0000255,0,269
>GFY_HUMAN,0000255,0,250
>GGH_HUMAN,0000250,0,269
>GGT2_HUMAN,0000255,0,269
>GHDC_HUMAN,0000255,0,250
>GHRHR_HUMAN,0000255,0,0
>GHRL_HUMAN,0000269,0,0
>GHR_HUMAN,0000255,0,250
>GILT_HUMAN,0000255,0,269
>GINM1_HUMAN,0000255,0,305
>GIPR_HUMAN,0000255,0,0
>GIP_HUMAN,0000255,0,0
>GKN1_HUMAN,0000255,0,269
>GKN2_HUMAN,0000255,0,0
>GKN3_HUMAN,0000255,0,250
>GL1D1_HUMAN,0000255,0,305
>GLB1L_HUMAN,0000255,0,305
>GLBL2_HUMAN,0000255,0,305
>GLCM1_HUMAN,0000255,0,0
>GLHA_HUMAN,0000269,0,269
>GLIP1_HUMAN,0000255,0,305
>GLMP_HUMAN,0000255,0,269
>GLP1R_HUMAN,0000255,0,269
>GLPA_HUMAN,0000269,0,269
>GLPB_HUMAN,0000269,0,0
>GLPE_HUMAN,0,0,0
>GLRA1_HUMAN,0000250,0,269
>GLRA2_HUMAN,0000255,0,269
>GLRA3_HUMAN,0000255,0,269
>GLRB_HUMAN,0000250,0,269
>GLR_HUMAN,0000255,0,269
>GLU2B_HUMAN,0000269,0,305
>GLUC_HUMAN,0,0,269
>GML_HUMAN,0000255,0,305
>GNAS3_HUMAN,0000250,0,250
>GNLY_HUMAN,0000255,0,0
>GNPTG_HUMAN,0000255,0,269
>GNS_HUMAN,0,0,0
>GOLI_HUMAN,0000255,0,269
>GON1_HUMAN,0000269,0,0
>GON2_HUMAN,0000255,0,0
>GP107_HUMAN,0000255,0,269
>GP108_HUMAN,0000255,0,269
>GP15L_HUMAN,0000269,0,269
>GP179_HUMAN,0000255,0,269
>GP180_HUMAN,0000255,0,305
>GP1BA_HUMAN,0000269,0,0
>GP1BB_HUMAN,0000269,0,0
>GP2_HUMAN,0000250,0,269
>GPA33_HUMAN,0,0,0
>GPAT4_HUMAN,0000255,0,269
>GPC1_HUMAN,0000269,0,0
>GPC2_HUMAN,0000255,0,250
>GPC3_HUMAN,0000269,0,269
>GPC4_HUMAN,0000255,0,250
>GPC5B_HUMAN,0000255,0,269
>GPC5C_HUMAN,0000255,0,0
>GPC5_HUMAN,0000255,0,250
>GPC6A_HUMAN,0000255,0,250
>GPC6_HUMAN,0000255,0,250
>GPHA2_HUMAN,0000255,0,0
>GPHB5_HUMAN,0000255,0,0
>GPI8_HUMAN,0000269,0,269
>GPIX_HUMAN,0000269,0,0
>GPNMB_HUMAN,0000255,0,269
>GPR37_HUMAN,0000255,0,269
>GPR83_HUMAN,0000255,0,250
>GPRL1_HUMAN,0000269,0,250
>GPVI_HUMAN,0000255,0,0
>GPV_HUMAN,0000255,0,0
>GPX3_HUMAN,0000255,0,0
>GPX5_HUMAN,0000255,0,0
>GPX6_HUMAN,0000255,0,250
>GPX7_HUMAN,0000255,0,305
>GRAH_HUMAN,0,0,269
>GRAM_HUMAN,0000255,0,0
>GREM1_HUMAN,0000269,0,305
>GREM2_HUMAN,0000255,0,305
>GREP1_HUMAN,0000255,0,0
>GRIA1_HUMAN,0000255,0,269
>GRIA2_HUMAN,0000255,0,269
>GRIA3_HUMAN,0000255,0,250
>GRIA4_HUMAN,0000255,0,250
>GRID1_HUMAN,0000255,0,250
>GRID2_HUMAN,0000255,0,250
>GRIK1_HUMAN,0000255,0,0
>GRIK2_HUMAN,0000255,0,269
>GRIK3_HUMAN,0000255,0,0
>GRIK4_HUMAN,0000255,0,0
>GRIK5_HUMAN,0000255,0,0
>GRM1_HUMAN,0000255,0,269
>GRM2_HUMAN,0000255,0,250
>GRM3_HUMAN,0000255,0,269
>GRM4_HUMAN,0000255,0,269
>GRM5_HUMAN,0000255,0,269
>GRM6_HUMAN,0000255,0,269
>GRM7_HUMAN,0000255,0,269
>GRM8_HUMAN,0000255,0,0
>GRN_HUMAN,0000255,0,269
>GROA_HUMAN,0000269,0,0
>GRP_HUMAN,0000250,0,269
>GSLG1_HUMAN,0000255,0,269
>GT251_HUMAN,0000255,0,269
>GT252_HUMAN,0000255,0,255
>GT253_HUMAN,0000255,0,255
>GUC2A_HUMAN,0000269,0,0
>GUC2B_HUMAN,0000255,0,0
>GUC2C_HUMAN,0000255,0,269
>GUC2D_HUMAN,0000250,0,269
>GUC2F_HUMAN,0000255,0,250
>H17B6_HUMAN,0000255,0,269
>HABP2_HUMAN,0000269,0,269
>HAVR1_HUMAN,0000255,0,269
>HAVR2_HUMAN,0000255,0,269
>HBEGF_HUMAN,0000255,0,0
>HCST_HUMAN,0000255,0,269
>HDBP1_HUMAN,0000255,0,269
>HDHD5_HUMAN,0000255,0,0
>HECA2_HUMAN,0000255,0,269
>HECAM_HUMAN,0000255,0,269
>HEG1_HUMAN,0000255,0,305
>HEMO_HUMAN,0000269,0,0
>HEP2_HUMAN,0000269,0,0
>HEPC_HUMAN,0000255,0,269
>HEPH_HUMAN,0000255,0,305
>HEXA_HUMAN,0000269,0,0
>HEXB_HUMAN,0000255,0,269
>HFE_HUMAN,0,0,269
>HGFA_HUMAN,0000269,0,0
>HGFL_HUMAN,0000255,0,0
>HGF_HUMAN,0000269,0,0
>HHIP_HUMAN,0000255,0,305
>HHLA1_HUMAN,0000255,0,305
>HHLA2_HUMAN,0000255,0,250
>HIDE1_HUMAN,0000255,0,0
>HIPL1_HUMAN,0000255,0,305
>HIPL2_HUMAN,0000255,0,305
>HIS1_HUMAN,0000269,0,0
>HIS3_HUMAN,0000269,0,269
>HLAA_HUMAN,0000269,0,269
>HLAB_HUMAN,0000269,0,269
>HLAC_HUMAN,0000255,0,269
>HLAE_HUMAN,0000255,0,269
>HLAF_HUMAN,0000255,0,269
>HLAG_HUMAN,0000255,0,269
>HLAH_HUMAN,0000255,0,305
>HMCN1_HUMAN,0000255,0,250
>HMCN2_HUMAN,0000255,0,250
>HMR1_HUMAN,0000269,0,269
>HMSD_HUMAN,0000255,0,305
>HPHL1_HUMAN,0000255,0,305
>HPLN2_HUMAN,0000255,0,250
>HPLN3_HUMAN,0000255,0,250
>HPLN4_HUMAN,0000255,0,250
>HPSE2_HUMAN,0000255,0,269
>HPSE_HUMAN,0000269,0,250
>HPTR_HUMAN,0,0,269
>HPT_HUMAN,0000269,0,0
>HRG_HUMAN,0000269,0,269
>HS3S1_HUMAN,0000250,0,305
>HSP13_HUMAN,0000255,0,0
>HTRA1_HUMAN,0000255,0,269
>HTRA3_HUMAN,0000255,0,269
>HTRA4_HUMAN,0000255,0,250
>HV102_HUMAN,0000269,0,303
>HV103_HUMAN,0000255,0,303
>HV108_HUMAN,0000255,0,303
>HV118_HUMAN,0000255,0,303
>HV124_HUMAN,0000255,0,303
>HV145_HUMAN,0000255,0,303
>HV146_HUMAN,0000269,0,303
>HV158_HUMAN,0000255,0,303
>HV169_HUMAN,0000269,0,303
>HV205_HUMAN,0000269,0,303
>HV226_HUMAN,0000255,0,303
>HV270_HUMAN,0000269,0,303
>HV307_HUMAN,0000269,0,303
>HV309_HUMAN,0000269,0,303
>HV311_HUMAN,0000269,0,303
>HV313_HUMAN,0000269,0,303
>HV315_HUMAN,0000255,0,303
>HV316_HUMAN,0000255,0,303
>HV320_HUMAN,0000255,0,303
>HV321_HUMAN,0000255,0,303
>HV323_HUMAN,0000269,0,303
>HV330_HUMAN,0000269,0,303
>HV333_HUMAN,0000269,0,303
>HV335_HUMAN,0000255,0,303
>HV338_HUMAN,0000255,0,303
>HV343_HUMAN,0000255,0,303
>HV348_HUMAN,0000269,0,303
>HV349_HUMAN,0000255,0,303
>HV353_HUMAN,0000269,0,303
>HV364_HUMAN,0000255,0,303
>HV366_HUMAN,0000255,0,303
>HV372_HUMAN,0000255,0,303
>HV373_HUMAN,0000255,0,303
>HV374_HUMAN,0000255,0,303
>HV383_HUMAN,0000255,0,303
>HV384_HUMAN,0000255,0,303
>HV404_HUMAN,0000255,0,303
>HV428_HUMAN,0000255,0,303
>HV431_HUMAN,0000255,0,303
>HV432_HUMAN,0000255,0,303
>HV434_HUMAN,0000255,0,303
>HV439_HUMAN,0000269,0,303
>HV43D_HUMAN,0000255,0,303
>HV459_HUMAN,0000269,0,303
>HV461_HUMAN,0000255,0,303
>HV511_HUMAN,0000255,0,303
>HV551_HUMAN,0000255,0,303
>HV5X1_HUMAN,0000255,0,303
>HV601_HUMAN,0000255,0,303
>HV64D_HUMAN,0000255,0,303
>HV692_HUMAN,0000255,0,303
>HV69D_HUMAN,0000255,0,303
>HV70D_HUMAN,0000255,0,303
>HV741_HUMAN,0000255,0,303
>HV781_HUMAN,0000255,0,303
>HVC05_HUMAN,0000255,0,303
>HVC33_HUMAN,0000255,0,303
>HVD34_HUMAN,0000255,0,303
>HVD82_HUMAN,0000255,0,303
>HYAL1_HUMAN,0000255,0,269
>HYAL2_HUMAN,0000255,0,269
>HYAL3_HUMAN,0000255,0,250
>HYALP_HUMAN,0000250,0,0
>HYOU1_HUMAN,0007744,0,0
>I10R1_HUMAN,0000269,0,269
>I10R2_HUMAN,0000269,0,0
>I11RA_HUMAN,0000255,0,269
>I12R1_HUMAN,0000255,0,0
>I12R2_HUMAN,0000255,0,0
>I13R1_HUMAN,0000255,0,0
>I13R2_HUMAN,0000255,0,0
>I15RA_HUMAN,0000255,0,269
>I17RA_HUMAN,0000269,0,269
>I17RB_HUMAN,0000269,0,0
>I17RC_HUMAN,0000269,0,269
>I17RD_HUMAN,0000255,0,269
>I17RE_HUMAN,0000255,0,305
>I18BP_HUMAN,0000269,0,269
>I18RA_HUMAN,0000255,0,269
>I20RA_HUMAN,0000269,0,250
>I20RB_HUMAN,0000269,0,250
>I22R1_HUMAN,0000255,0,305
>I22R2_HUMAN,0000269,0,269
>I27RA_HUMAN,0000255,0,0
>IAPP_HUMAN,0000255,0,269
>IBP1_HUMAN,0000269,0,0
>IBP2_HUMAN,0,0,0
>IBP3_HUMAN,0000269,0,269
>IBP4_HUMAN,0000269,0,0
>IBP5_HUMAN,0000255,0,0
>IBP6_HUMAN,0000305,0,305
>IBP7_HUMAN,0000269,0,0
>IBPL1_HUMAN,0000255,0,269
>IC1_HUMAN,0000269,0,0
>ICAM1_HUMAN,0,0,0
>ICAM2_HUMAN,0000269,0,250
>ICAM3_HUMAN,0000255,0,0
>ICAM4_HUMAN,0000255,0,305
>ICAM5_HUMAN,0000255,0,0
>ICOSL_HUMAN,0000255,0,269
>ICOS_HUMAN,0000255,0,305
>IDD_HUMAN,0000255,0,0
>IDS_HUMAN,0000255,0,269
>IDUA_HUMAN,0000255,0,305
>IFN10_HUMAN,0000269,0,0
>IFN14_HUMAN,0000269,0,0
>IFN16_HUMAN,0,0,0
>IFN17_HUMAN,0000269,0,0
>IFN21_HUMAN,0000269,0,0
>IFNA1_HUMAN,0000269,0,0
>IFNA2_HUMAN,0000269,0,269
>IFNA4_HUMAN,0000269,0,0
>IFNA5_HUMAN,0000269,0,0
>IFNA6_HUMAN,0000269,0,0
>IFNA7_HUMAN,0000269,0,0
>IFNA8_HUMAN,0000269,0,0
>IFNB_HUMAN,0000255,0,269
>IFNE_HUMAN,0000255,0,305
>IFNG_HUMAN,0000269,0,0
>IFNK_HUMAN,0000269,0,0
>IFNL1_HUMAN,0000255,0,0
>IFNL2_HUMAN,0000255,0,269
>IFNL3_HUMAN,0000255,0,269
>IFNL4_HUMAN,0000255,0,269
>IFNW1_HUMAN,0,1,0
>IF_HUMAN,0000255,0,0
>IGDC3_HUMAN,0000255,0,255
>IGDC4_HUMAN,0000255,0,305
>IGF1R_HUMAN,0000269,0,269
>IGF1_HUMAN,0000255,0,250
>IGF2_HUMAN,0000269,0,269
>IGFL1_HUMAN,0000269,0,269
>IGFL2_HUMAN,0000255,0,305
>IGFL3_HUMAN,0000269,0,305
>IGFL4_HUMAN,0000255,0,305
>IGFR1_HUMAN,0000255,0,269
>IGIP_HUMAN,0000255,0,250
>IGJ_HUMAN,0000269,0,250
>IGLL1_HUMAN,0000255,0,269
>IGLL5_HUMAN,0000255,0,250
>IGLO5_HUMAN,0000255,0,305
>IGS10_HUMAN,0000255,0,269
>IGS11_HUMAN,0000255,0,250
>IGS21_HUMAN,0000255,0,250
>IGSF1_HUMAN,0000255,0,305
>IGSF2_HUMAN,0000255,0,305
>IGSF3_HUMAN,0000255,0,305
>IGSF6_HUMAN,0000255,0,305
>IGSF8_HUMAN,0000269,0,250
>IHH_HUMAN,0000305,0,269
>IL10_HUMAN,0000269,0,0
>IL11_HUMAN,0000255,0,269
>IL12A_HUMAN,0000269,0,269
>IL12B_HUMAN,0000269,0,0
>IL13_HUMAN,0000255,0,0
>IL15_HUMAN,0000255,0,0
>IL17B_HUMAN,0000255,0,0
>IL17C_HUMAN,0000255,0,0
>IL17D_HUMAN,0000255,0,0
>IL17F_HUMAN,0000269,0,250
>IL17_HUMAN,0000269,0,269
>IL18R_HUMAN,0000269,0,269
>IL19_HUMAN,0000269,0,0
>IL1AP_HUMAN,0000255,0,0
>IL1R1_HUMAN,0,0,269
>IL1R2_HUMAN,0000255,0,269
>IL1RA_HUMAN,0000269,0,269
>IL20_HUMAN,0000269,0,269
>IL21R_HUMAN,0000269,0,0
>IL21_HUMAN,0000250,0,269
>IL22_HUMAN,0000269,0,0
>IL23A_HUMAN,0000255,0,269
>IL23R_HUMAN,0000255,0,269
>IL24_HUMAN,0000269,0,269
>IL25_HUMAN,0000269,0,0
>IL26_HUMAN,0000255,0,269
>IL27A_HUMAN,0000255,0,269
>IL27B_HUMAN,0000255,0,269
>IL2RA_HUMAN,0,0,0
>IL2RB_HUMAN,0,0,269
>IL2RG_HUMAN,0,0,269
>IL2_HUMAN,0000269,0,0
>IL31R_HUMAN,0000269,0,305
>IL31_HUMAN,0000255,0,305
>IL32_HUMAN,0000255,0,269
>IL34_HUMAN,0000255,0,269
>IL3RA_HUMAN,0000255,0,0
>IL3RB_HUMAN,0000255,0,0
>IL3_HUMAN,0,0,0
>IL40_HUMAN,0000269,0,269
>IL4RA_HUMAN,0000250,0,0
>IL4_HUMAN,0,0,0
>IL5RA_HUMAN,0,0,0
>IL5_HUMAN,0000269,0,269
>IL6RA_HUMAN,0000269,0,269
>IL6RB_HUMAN,0,0,269
>IL6_HUMAN,0000269,0,269
>IL7RA_HUMAN,0,0,0
>IL7_HUMAN,0,0,269
>IL8_HUMAN,0000269,0,0
>IL9R_HUMAN,0000255,0,0
>IL9_HUMAN,0,0,0
>ILDR1_HUMAN,0000255,0,269
>ILDR2_HUMAN,0000255,0,250
>ILRL1_HUMAN,0000269,0,269
>ILRL2_HUMAN,0000255,0,269
>IMPG1_HUMAN,0000255,0,269
>IMPG2_HUMAN,0000255,0,269
>INAR1_HUMAN,0000255,0,269
>INAR2_HUMAN,0,0,269
>INGR1_HUMAN,0,0,269
>INGR2_HUMAN,0000255,0,269
>INHA_HUMAN,0,0,0
>INHBA_HUMAN,0000250,0,0
>INHBB_HUMAN,0000255,0,0
>INHBC_HUMAN,0000255,0,250
>INHBE_HUMAN,0000255,0,250
>INLR1_HUMAN,0000255,0,250
>INSL3_HUMAN,0000269,0,0
>INSL4_HUMAN,0000269,0,250
>INSL5_HUMAN,0000269,0,0
>INSL6_HUMAN,0000255,0,250
>INSRR_HUMAN,0000255,0,0
>INSR_HUMAN,0000269,0,305
>INS_HUMAN,0000269,0,0
>IPIL1_HUMAN,0000255,0,305
>IPIL2_HUMAN,0000255,0,0
>IPRI_HUMAN,0000255,0,269
>IPSP_HUMAN,0000269,0,269
>IRPL1_HUMAN,0000255,0,269
>IRPL2_HUMAN,0000255,0,0
>ISK13_HUMAN,0000255,0,250
>ISK14_HUMAN,0000255,0,305
>ISK1_HUMAN,0000269,0,269
>ISK2_HUMAN,0000269,0,269
>ISK4_HUMAN,0000250,0,250
>ISK5_HUMAN,0000255,0,0
>ISK6_HUMAN,0000269,0,250
>ISK7_HUMAN,0000255,0,305
>ISK8_HUMAN,0000255,0,305
>ISK9_HUMAN,0000269,0,305
>ISLR2_HUMAN,0000255,0,250
>ISLR_HUMAN,0000255,0,305
>ISM1_HUMAN,0000255,0,305
>ISM2_HUMAN,0000255,0,305
>ITA10_HUMAN,0000255,0,0
>ITA11_HUMAN,0000255,0,0
>ITA1_HUMAN,0000255,0,0
>ITA2B_HUMAN,0000269,0,0
>ITA2_HUMAN,0000269,0,0
>ITA3_HUMAN,0000269,0,269
>ITA4_HUMAN,0000269,0,0
>ITA5_HUMAN,0000269,0,269
>ITA6_HUMAN,0000269,0,269
>ITA7_HUMAN,0000269,0,0
>ITA8_HUMAN,0000255,0,269
>ITA9_HUMAN,0000255,0,255
>ITAD_HUMAN,0000255,0,0
>ITAE_HUMAN,0000269,0,0
>ITAL_HUMAN,0000255,0,269
>ITAM_HUMAN,0000269,0,269
>ITAV_HUMAN,0000269,0,269
>ITAX_HUMAN,0000269,0,0
>ITB1_HUMAN,0,0,269
>ITB2_HUMAN,0,0,269
>ITB3_HUMAN,0000255,0,269
>ITB4_HUMAN,0000269,0,0
>ITB5_HUMAN,0000255,0,0
>ITB6_HUMAN,0000255,0,269
>ITB7_HUMAN,0000269,0,305
>ITB8_HUMAN,0000255,0,269
>ITGBL_HUMAN,0000255,0,305
>ITIH1_HUMAN,0000255,0,0
>ITIH2_HUMAN,0000255,0,0
>ITIH3_HUMAN,0000255,0,0
>ITIH4_HUMAN,0000269,0,0
>ITIH5_HUMAN,0000255,0,250
>ITIH6_HUMAN,0000255,0,250
>ITLN1_HUMAN,0000269,0,269
>ITLN2_HUMAN,0000255,0,305
>IZUM1_HUMAN,0000255,0,269
>IZUM2_HUMAN,0000255,0,305
>IZUM3_HUMAN,0000255,0,305
>IZUM4_HUMAN,0000255,0,305
>JAG1_HUMAN,0000255,0,269
>JAG2_HUMAN,0000255,0,0
>JAM1_HUMAN,0000269,0,269
>JAM2_HUMAN,0000269,0,269
>JAM3_HUMAN,0000269,0,269
>JAML_HUMAN,0000269,0,269
>JMJD8_HUMAN,0000255,0,269
>JTB_HUMAN,0000255,0,305
>JUNO_HUMAN,0000255,0,269
>K0319_HUMAN,0000255,0,269
>K2013_HUMAN,0000255,0,305
>KAIN_HUMAN,0000255,0,0
>KALM_HUMAN,0000255,0,269
>KANTR_HUMAN,0000255,0,255
>KAZD1_HUMAN,0000269,0,250
>KC5S1_HUMAN,0000255,0,305
>KCP_HUMAN,0000255,0,250
>KCT2_HUMAN,0000255,0,305
>KDSR_HUMAN,0000255,0,269
>KERA_HUMAN,0000255,0,250
>KI2L1_HUMAN,0000269,0,269
>KI2L2_HUMAN,0000250,0,0
>KI2L3_HUMAN,0000250,0,0
>KI2L4_HUMAN,0000250,0,269
>KI2LA_HUMAN,0000255,0,0
>KI2LB_HUMAN,0000255,0,0
>KI2S1_HUMAN,0000250,0,269
>KI2S2_HUMAN,0000250,0,0
>KI2S3_HUMAN,0000250,0,0
>KI2S4_HUMAN,0000250,0,0
>KI2S5_HUMAN,0000250,0,269
>KI3L1_HUMAN,0000250,0,0
>KI3L2_HUMAN,0000250,0,0
>KI3L3_HUMAN,0000255,0,0
>KI3S1_HUMAN,0000250,0,0
>KI3X1_HUMAN,0000255,0,305
>KIRR1_HUMAN,0000255,0,269
>KIRR2_HUMAN,0000269,0,250
>KIRR3_HUMAN,0000255,0,269
>KISHA_HUMAN,0000255,0,269
>KISHB_HUMAN,0000255,0,269
>KISS1_HUMAN,0000255,0,0
>KIT_HUMAN,0000255,0,269
>KLH11_HUMAN,0000255,0,0
>KLK10_HUMAN,0000255,0,305
>KLK11_HUMAN,0000255,0,0
>KLK12_HUMAN,0000255,0,0
>KLK13_HUMAN,0000255,0,305
>KLK14_HUMAN,0,0,269
>KLK15_HUMAN,0000255,0,305
>KLK1_HUMAN,0000305,0,0
>KLK2_HUMAN,0000305,0,0
>KLK3_HUMAN,0000269,0,0
>KLK4_HUMAN,0000255,0,0
>KLK5_HUMAN,0000255,0,0
>KLK6_HUMAN,0000255,0,0
>KLK7_HUMAN,0000269,0,269
>KLK8_HUMAN,0000255,0,269
>KLK9_HUMAN,0000255,0,305
>KLKB1_HUMAN,0,0,0
>KLOT_HUMAN,0000255,0,269
>KNG1_HUMAN,0000269,0,0
>KREM1_HUMAN,0000255,0,305
>KREM2_HUMAN,0000255,0,305
>KTDAP_HUMAN,0000255,0,269
>KV105_HUMAN,0000269,0,303
>KV106_HUMAN,0000255,0,303
>KV108_HUMAN,0000255,0,303
>KV109_HUMAN,0000255,0,303
>KV112_HUMAN,0000255,0,303
>KV113_HUMAN,0000255,0,303
>KV116_HUMAN,0000269,0,303
>KV117_HUMAN,0000269,0,303
>KV127_HUMAN,0000255,0,303
>KV133_HUMAN,0000269,0,303
>KV137_HUMAN,0000255,0,303
>KV139_HUMAN,0000269,0,303
>KV224_HUMAN,0000255,0,303
>KV228_HUMAN,0000255,0,303
>KV229_HUMAN,0000255,0,303
>KV230_HUMAN,0000255,0,303
>KV240_HUMAN,0000255,0,303
>KV311_HUMAN,0000255,0,303
>KV315_HUMAN,0000269,0,303
>KV320_HUMAN,0000269,0,303
>KV37_HUMAN,0000255,0,303
>KV401_HUMAN,0000269,0,303
>KV502_HUMAN,0000255,0,303
>KV621_HUMAN,0000255,0,303
>KVD07_HUMAN,0000255,0,303
>KVD08_HUMAN,0000255,0,303
>KVD11_HUMAN,0000255,0,303
>KVD12_HUMAN,0000269,0,303
>KVD13_HUMAN,0000255,0,303
>KVD15_HUMAN,0000255,0,303
>KVD16_HUMAN,0000255,0,303
>KVD17_HUMAN,0000255,0,303
>KVD20_HUMAN,0000255,0,303
>KVD21_HUMAN,0000255,0,303
>KVD24_HUMAN,0000255,0,303
>KVD26_HUMAN,0000255,0,303
>KVD28_HUMAN,0000269,0,303
>KVD29_HUMAN,0000255,0,303
>KVD30_HUMAN,0000255,0,303
>KVD33_HUMAN,0000269,0,303
>KVD37_HUMAN,0000255,0,303
>KVD39_HUMAN,0000255,0,303
>KVD40_HUMAN,0000269,0,303
>KVD41_HUMAN,0000255,0,303
>KVD42_HUMAN,0000255,0,303
>KVD43_HUMAN,0000255,0,303
>L1CAM_HUMAN,0000269,0,269
>L37A1_HUMAN,0000255,0,305
>L37A2_HUMAN,0000255,0,305
>L37A3_HUMAN,0000255,0,305
>LACRT_HUMAN,0000269,0,0
>LAG3_HUMAN,0000255,0,269
>LAIR1_HUMAN,0000255,0,269
>LAIR2_HUMAN,0000255,0,0
>LALBA_HUMAN,0000269,0,0
>LAMA1_HUMAN,0000255,0,0
>LAMA2_HUMAN,0000255,0,0
>LAMA3_HUMAN,0000255,0,0
>LAMA4_HUMAN,0000255,0,269
>LAMA5_HUMAN,0000255,0,0
>LAMB1_HUMAN,0,0,0
>LAMB2_HUMAN,0000255,0,0
>LAMB3_HUMAN,0000255,0,0
>LAMB4_HUMAN,0000255,0,0
>LAMC1_HUMAN,0,0,0
>LAMC2_HUMAN,0000255,0,0
>LAMC3_HUMAN,0000255,0,0
>LAMP1_HUMAN,0000269,0,269
>LAMP2_HUMAN,0000269,0,269
>LAMP3_HUMAN,0000255,0,269
>LAMP5_HUMAN,0000255,0,269
>LAS2_HUMAN,0000255,0,305
>LATH_HUMAN,0000255,0,0
>LAYN_HUMAN,0000255,0,305
>LBN_HUMAN,0000255,0,250
>LBP_HUMAN,0000269,0,269
>LC1L1_HUMAN,0000255,0,250
>LCAT_HUMAN,0000269,0,269
>LCFC1_HUMAN,0000255,0,305
>LCN10_HUMAN,0000255,0,305
>LCN12_HUMAN,0000255,0,305
>LCN15_HUMAN,0000255,0,305
>LCN1_HUMAN,0000269,0,0
>LCN6_HUMAN,0000255,0,0
>LCN8_HUMAN,0000255,0,250
>LCN9_HUMAN,0000255,0,0
>LCTL_HUMAN,0000269,0,250
>LDLR_HUMAN,0000250,0,269
>LEAP2_HUMAN,0000255,0,0
>LECT2_HUMAN,0000250,0,269
>LEG1H_HUMAN,0000255,0,250
>LEPR_HUMAN,0,0,269
>LEP_HUMAN,0000255,0,305
>LEUK_HUMAN,0000269,0,269
>LFA3_HUMAN,0,0,0
>LFTY1_HUMAN,0000255,0,0
>LFTY2_HUMAN,0000255,0,0
>LG3BP_HUMAN,0000269,0,269
>LGI1_HUMAN,0000255,0,269
>LGI2_HUMAN,0000255,0,305
>LGI3_HUMAN,0000255,0,269
>LGI4_HUMAN,0000255,0,305
>LGMN_HUMAN,0000269,0,269
>LGR4_HUMAN,0000255,0,269
>LGR5_HUMAN,0000255,0,269
>LGR6_HUMAN,0000255,0,269
>LHPL1_HUMAN,0000255,0,305
>LHPL6_HUMAN,0000255,0,305
>LICH_HUMAN,0000269,0,250
>LIFR_HUMAN,0000255,0,0
>LIF_HUMAN,0000269,0,0
>LIGO1_HUMAN,0000255,0,250
>LIGO2_HUMAN,0000255,0,305
>LIGO3_HUMAN,0000255,0,305
>LIGO4_HUMAN,0000255,0,305
>LIPC_HUMAN,0000269,0,269
>LIPF_HUMAN,0000269,0,250
>LIPG_HUMAN,0000255,0,269
>LIPH_HUMAN,0000255,0,269
>LIPI_HUMAN,0000255,0,269
>LIPK_HUMAN,0000255,0,305
>LIPL_HUMAN,0000269,0,269
>LIPM_HUMAN,0000255,0,305
>LIPN_HUMAN,0000255,0,305
>LIPP_HUMAN,0,0,269
>LIPR1_HUMAN,0000255,0,269
>LIPR2_HUMAN,0000255,0,269
>LIPR3_HUMAN,0000255,0,305
>LIRA1_HUMAN,0000255,0,0
>LIRA2_HUMAN,0000255,0,269
>LIRA3_HUMAN,0000269,0,305
>LIRA4_HUMAN,0000255,0,269
>LIRA5_HUMAN,0000255,0,269
>LIRA6_HUMAN,0000255,0,305
>LIRB1_HUMAN,0000255,0,269
>LIRB2_HUMAN,0000255,0,269
>LIRB3_HUMAN,0000255,0,0
>LIRB4_HUMAN,0000255,0,269
>LIRB5_HUMAN,0000255,0,0
>LMA1L_HUMAN,0000255,0,250
>LMA2L_HUMAN,0000255,0,0
>LMAN1_HUMAN,0000269,0,0
>LMAN2_HUMAN,0000255,0,269
>LMTK3_HUMAN,0000255,0,250
>LOXL1_HUMAN,0000255,0,305
>LOXL2_HUMAN,0000255,0,269
>LOXL3_HUMAN,0000255,0,269
>LOXL4_HUMAN,0000255,0,305
>LPAL2_HUMAN,0000255,0,305
>LPD6B_HUMAN,0000255,0,305
>LPH_HUMAN,0000255,0,269
>LR37B_HUMAN,0000255,0,305
>LRAD2_HUMAN,0000255,0,0
>LRAD3_HUMAN,0000255,0,269
>LRC15_HUMAN,0000255,0,269
>LRC17_HUMAN,0000255,0,250
>LRC19_HUMAN,0000255,0,305
>LRC24_HUMAN,0000255,0,305
>LRC25_HUMAN,0000255,0,269
>LRC26_HUMAN,0,0,269
>LRC32_HUMAN,0000269,0,269
>LRC33_HUMAN,0000255,0,269
>LRC38_HUMAN,0000255,0,250
>LRC3B_HUMAN,0000255,0,305
>LRC4B_HUMAN,0000255,0,250
>LRC4C_HUMAN,0000255,0,269
>LRC52_HUMAN,0000255,0,250
>LRC55_HUMAN,0000269,0,250
>LRCL1_HUMAN,0000255,0,0
>LRFN1_HUMAN,0000255,0,250
>LRFN2_HUMAN,0000255,0,250
>LRFN3_HUMAN,0000255,0,250
>LRFN4_HUMAN,0000255,0,250
>LRFN5_HUMAN,0000255,0,305
>LRIG1_HUMAN,0000255,0,269
>LRIG2_HUMAN,0000255,0,269
>LRIG3_HUMAN,0000255,0,250
>LRIT1_HUMAN,0000255,0,250
>LRIT2_HUMAN,0000255,0,0
>LRIT3_HUMAN,0000255,0,269
>LRN4L_HUMAN,0000255,0,305
>LRP10_HUMAN,0000255,0,305
>LRP11_HUMAN,0000255,0,305
>LRP12_HUMAN,0000255,0,269
>LRP1B_HUMAN,0000255,0,305
>LRP1_HUMAN,0000255,0,269
>LRP2_HUMAN,0000255,0,269
>LRP3_HUMAN,0000255,0,305
>LRP4_HUMAN,0000255,0,250
>LRP5_HUMAN,0000255,0,269
>LRP6_HUMAN,0000255,0,269
>LRP8_HUMAN,0000255,0,269
>LRR3C_HUMAN,0000255,0,305
>LRR70_HUMAN,0000255,0,305
>LRRC3_HUMAN,0000255,0,305
>LRRC4_HUMAN,0000255,0,250
>LRRN1_HUMAN,0000269,0,305
>LRRN2_HUMAN,0000255,0,305
>LRRN3_HUMAN,0000255,0,305
>LRRN4_HUMAN,0000255,0,305
>LRRT1_HUMAN,0000255,0,250
>LRRT2_HUMAN,0000255,0,250
>LRRT3_HUMAN,0000255,0,250
>LRRT4_HUMAN,0000255,0,250
>LRTM1_HUMAN,0000255,0,305
>LRTM2_HUMAN,0000255,0,305
>LSAMP_HUMAN,0000255,0,0
>LSHB_HUMAN,0000269,0,0
>LSHR_HUMAN,0000255,0,269
>LTBP1_HUMAN,0000255,0,269
>LTBP2_HUMAN,0000250,0,269
>LTBP3_HUMAN,0000255,0,269
>LTBP4_HUMAN,0000255,0,269
>LTK_HUMAN,0000255,0,269
>LUM_HUMAN,0,0,250
>LUZP2_HUMAN,0000255,0,305
>LV136_HUMAN,0000255,0,303
>LV140_HUMAN,0000269,0,303
>LV144_HUMAN,0000269,0,303
>LV147_HUMAN,0000269,0,303
>LV150_HUMAN,0000255,0,303
>LV151_HUMAN,0000269,0,303
>LV208_HUMAN,0000269,0,303
>LV211_HUMAN,0000269,0,303
>LV214_HUMAN,0000269,0,303
>LV218_HUMAN,0000255,0,303
>LV223_HUMAN,0000269,0,303
>LV233_HUMAN,0000255,0,303
>LV301_HUMAN,0000269,0,303
>LV310_HUMAN,0000255,0,303
>LV312_HUMAN,0000255,0,303
>LV316_HUMAN,0000255,0,303
>LV319_HUMAN,0000269,0,303
>LV321_HUMAN,0000269,0,303
>LV322_HUMAN,0000255,0,303
>LV325_HUMAN,0000269,0,303
>LV327_HUMAN,0000269,0,303
>LV332_HUMAN,0000255,0,303
>LV39_HUMAN,0000255,0,303
>LV403_HUMAN,0000255,0,303
>LV460_HUMAN,0000255,0,303
>LV469_HUMAN,0000255,0,303
>LV537_HUMAN,0000255,0,303
>LV539_HUMAN,0000255,0,303
>LV545_HUMAN,0000255,0,303
>LV548_HUMAN,0000255,0,303
>LV552_HUMAN,0000255,0,303
>LV657_HUMAN,0000269,0,303
>LV743_HUMAN,0000255,0,303
>LV746_HUMAN,0000255,0,303
>LV861_HUMAN,0000255,0,303
>LV949_HUMAN,0000255,0,303
>LVK55_HUMAN,0000255,0,303
>LVX54_HUMAN,0000255,0,303
>LY65B_HUMAN,0000255,0,305
>LY65C_HUMAN,0000255,0,305
>LY66C_HUMAN,0000255,0,269
>LY66D_HUMAN,0000255,0,269
>LY66F_HUMAN,0000255,0,269
>LY6D_HUMAN,0000269,0,0
>LY6E_HUMAN,0000255,0,250
>LY6H_HUMAN,0000255,0,250
>LY6K_HUMAN,0000255,0,269
>LY6L_HUMAN,0000255,0,255
>LY6S_HUMAN,0000255,0,255
>LY75_HUMAN,0000269,0,250
>LY86_HUMAN,0000269,0,0
>LY96_HUMAN,0000255,0,269
>LY9_HUMAN,0000255,0,305
>LYAG_HUMAN,0000255,0,269
>LYAM1_HUMAN,0,0,269
>LYAM2_HUMAN,0,0,269
>LYAM3_HUMAN,0,0,269
>LYG1_HUMAN,0000255,0,305
>LYG2_HUMAN,0000255,0,305
>LYNX1_HUMAN,0000255,0,250
>LYOX_HUMAN,0000250,0,269
>LYPD1_HUMAN,0000255,0,305
>LYPD2_HUMAN,0000255,0,305
>LYPD3_HUMAN,0000255,0,0
>LYPD4_HUMAN,0000255,0,305
>LYPD5_HUMAN,0000269,0,305
>LYPD6_HUMAN,0000269,0,269
>LYPD8_HUMAN,0000255,0,250
>LYSC_HUMAN,0000269,0,0
>LYVE1_HUMAN,0000255,0,269
>LYZL1_HUMAN,0000255,0,305
>LYZL2_HUMAN,0000255,0,305
>LYZL4_HUMAN,0000255,0,250
>LYZL5_HUMAN,0000255,0,305
>LYZL6_HUMAN,0000255,0,269
>MA2B1_HUMAN,0,0,0
>MA2B2_HUMAN,0000255,0,305
>MADCA_HUMAN,0000255,0,0
>MAGT1_HUMAN,0000255,0,269
>MAG_HUMAN,0,0,269
>MALR1_HUMAN,0000255,0,250
>MAMC2_HUMAN,0000255,0,250
>MANBA_HUMAN,0000255,0,305
>MANF_HUMAN,0000269,0,269
>MANS1_HUMAN,0000255,0,305
>MANS4_HUMAN,0000255,0,305
>MARH4_HUMAN,0000255,0,269
>MASP1_HUMAN,0000269,0,269
>MASP2_HUMAN,0000255,0,0
>MATN1_HUMAN,0,0,0
>MATN2_HUMAN,0000255,0,0
>MATN3_HUMAN,0000255,0,250
>MATN4_HUMAN,0000250,0,0
>MBL2_HUMAN,0000269,0,269
>MBTP1_HUMAN,0,0,269
>MCFD2_HUMAN,0000255,0,269
>MCH_HUMAN,0000255,0,0
>MCP_HUMAN,0000269,0,269
>MDGA1_HUMAN,0000255,0,269
>MDGA2_HUMAN,0000255,0,305
>MEG10_HUMAN,0000255,0,269
>MEG11_HUMAN,0000255,0,269
>MEGF6_HUMAN,0000255,0,305
>MEGF8_HUMAN,0000255,0,305
>MEGF9_HUMAN,0000255,0,305
>MENT_HUMAN,0000255,0,305
>MEP1A_HUMAN,0000250,0,0
>MEP1B_HUMAN,0000255,0,269
>MEPE_HUMAN,0000255,0,269
>MER34_HUMAN,0000269,0,269
>MERTK_HUMAN,0000255,0,269
>MESD_HUMAN,0000255,0,269
>MET24_HUMAN,0000255,0,305
>METL9_HUMAN,0000255,0,269
>METRL_HUMAN,0000255,0,250
>METRN_HUMAN,0000250,0,250
>MET_HUMAN,0000255,0,0
>MFA3L_HUMAN,0000255,0,269
>MFAP2_HUMAN,0,1,0
>MFAP3_HUMAN,0000255,0,305
>MFAP4_HUMAN,0000269,0,269
>MFAP5_HUMAN,0000255,0,0
>MFGM_HUMAN,0,0,269
>MGLYR_HUMAN,0000255,0,269
>MGP_HUMAN,0,0,0
>MIA2_HUMAN,0000255,0,269
>MIA_HUMAN,0000269,0,0
>MIC26_HUMAN,0000255,0,269
>MICA_HUMAN,0,0,269
>MICB_HUMAN,0000255,0,269
>MILR1_HUMAN,0000255,0,269
>MIME_HUMAN,0000269,0,250
>MINP1_HUMAN,0000250,0,250
>MIS_HUMAN,0000269,0,269
>MKS3_HUMAN,0000255,0,269
>MK_HUMAN,0000269,0,0
>MLEC_HUMAN,0000255,0,250
>MMP10_HUMAN,0000305,0,305
>MMP11_HUMAN,0000255,0,305
>MMP12_HUMAN,0000305,0,305
>MMP13_HUMAN,0000269,0,269
>MMP14_HUMAN,0000255,0,305
>MMP15_HUMAN,0,1,305
>MMP16_HUMAN,0000255,0,305
>MMP17_HUMAN,0000255,0,0
>MMP19_HUMAN,0000255,0,250
>MMP1_HUMAN,0,0,305
>MMP20_HUMAN,0000255,0,250
>MMP21_HUMAN,0000255,0,305
>MMP24_HUMAN,0000255,0,250
>MMP25_HUMAN,0000255,0,0
>MMP26_HUMAN,0000255,0,0
>MMP27_HUMAN,0000255,0,269
>MMP28_HUMAN,0000255,0,0
>MMP2_HUMAN,0000269,0,305
>MMP3_HUMAN,0000305,0,269
>MMP7_HUMAN,0000269,0,305
>MMP8_HUMAN,0000269,0,305
>MMP9_HUMAN,0000269,0,269
>MMRN1_HUMAN,0000255,0,305
>MMRN2_HUMAN,0000255,0,269
>MO2R1_HUMAN,0000255,0,0
>MO2R2_HUMAN,0000255,0,305
>MOG_HUMAN,0000255,0,305
>MOTI_HUMAN,0000269,0,0
>MOXD1_HUMAN,0000255,0,250
>MOXD2_HUMAN,0000255,0,0
>MPEG1_HUMAN,0000255,0,269
>MPRD_HUMAN,0,0,0
>MPRI_HUMAN,0000269,0,269
>MPZL1_HUMAN,0000255,0,305
>MPZL2_HUMAN,0000255,0,305
>MPZL3_HUMAN,0000269,0,305
>MRC1_HUMAN,0000255,0,269
>MRC2_HUMAN,0000255,0,0
>MRCOL_HUMAN,0000255,0,0
>MSLNL_HUMAN,0000255,0,305
>MSLN_HUMAN,0000269,0,0
>MSMB_HUMAN,0000269,0,0
>MSMP_HUMAN,0000255,0,269
>MSRB3_HUMAN,0000255,0,0
>MST1L_HUMAN,0000255,0,305
>MTP_HUMAN,0000255,0,269
>MUC12_HUMAN,0000255,0,305
>MUC13_HUMAN,0000255,0,269
>MUC15_HUMAN,0000250,0,305
>MUC17_HUMAN,0000255,0,305
>MUC18_HUMAN,0000269,0,0
>MUC19_HUMAN,0000255,0,305
>MUC1_HUMAN,0000269,0,269
>MUC20_HUMAN,0000255,0,269
>MUC21_HUMAN,0000255,0,269
>MUC22_HUMAN,0000255,0,305
>MUC24_HUMAN,0000255,0,269
>MUC2_HUMAN,0000255,0,269
>MUC3A_HUMAN,0000255,0,303
>MUC3B_HUMAN,0000255,0,305
>MUC4_HUMAN,0000255,0,269
>MUC5A_HUMAN,0000255,0,269
>MUC5B_HUMAN,0000255,0,0
>MUC6_HUMAN,0000255,0,0
>MUC7_HUMAN,0000255,0,269
>MUCEN_HUMAN,0000255,0,305
>MUCL1_HUMAN,0000269,0,305
>MUCL3_HUMAN,0000255,0,269
>MUSK_HUMAN,0000255,0,269
>MXRA5_HUMAN,0000255,0,269
>MXRA8_HUMAN,0000255,0,269
>MYDGF_HUMAN,0000269,0,269
>MYOC_HUMAN,0000269,0,269
>MYP0_HUMAN,0,0,269
>MYZAP_HUMAN,0000255,0,269
>MZB1_HUMAN,0000255,0,269
>NAAA_HUMAN,0000269,0,269
>NAC1_HUMAN,0000255,0,269
>NAC2_HUMAN,0000255,0,250
>NAC3_HUMAN,0000255,0,269
>NAGAB_HUMAN,0000269,0,269
>NAGPA_HUMAN,0000269,0,269
>NAPSA_HUMAN,0000255,0,305
>NAR1_HUMAN,0000255,0,0
>NAR3_HUMAN,0000255,0,0
>NAR4_HUMAN,0000255,0,0
>NAR5_HUMAN,0000255,0,305
>NBL1_HUMAN,0000269,0,0
>NCAM1_HUMAN,0000250,0,305
>NCAM2_HUMAN,0000255,0,0
>NCAN_HUMAN,0000255,0,269
>NCHL1_HUMAN,0000255,0,250
>NCKX1_HUMAN,0,0,269
>NCKX3_HUMAN,0000255,0,269
>NCKX4_HUMAN,0000255,0,269
>NCKX5_HUMAN,0000255,0,269
>NCLN_HUMAN,0000255,0,269
>NCTR1_HUMAN,0000255,0,305
>NCTR2_HUMAN,0000255,0,305
>NCTR3_HUMAN,0000255,0,269
>NDNF_HUMAN,0000255,0,269
>NDP_HUMAN,0000255,0,269
>NEC1_HUMAN,0000255,0,0
>NEC2_HUMAN,0000255,0,269
>NECT1_HUMAN,0000255,0,250
>NECT2_HUMAN,0000255,0,0
>NECT3_HUMAN,0000255,0,269
>NECT4_HUMAN,0000255,0,269
>NEGR1_HUMAN,0000250,0,250
>NELL1_HUMAN,0000255,0,269
>NELL2_HUMAN,0,0,250
>NEMP1_HUMAN,0000255,0,250
>NEMP2_HUMAN,0000255,0,250
>NENF_HUMAN,0000255,0,269
>NEO1_HUMAN,0000255,0,0
>NET1_HUMAN,0000255,0,269
>NET3_HUMAN,0000255,0,250
>NET4_HUMAN,0000255,0,269
>NET5_HUMAN,0000255,0,255
>NETO1_HUMAN,0000255,0,305
>NETO2_HUMAN,0000269,0,305
>NETR_HUMAN,0000255,0,0
>NEU1_HUMAN,0000269,0,0
>NEU2_HUMAN,0000269,0,0
>NEUFC_HUMAN,0000255,0,250
>NEUR1_HUMAN,0000269,0,269
>NEUS_HUMAN,0000255,0,269
>NEUT_HUMAN,0000255,0,0
>NFAM1_HUMAN,0000255,0,250
>NFASC_HUMAN,0000255,0,269
>NGAL_HUMAN,0000269,0,269
>NGF_HUMAN,0000255,0,269
>NGRN_HUMAN,0000255,0,269
>NHLC3_HUMAN,0000255,0,305
>NICA_HUMAN,0000255,0,269
>NICOL_HUMAN,0000255,0,250
>NID1_HUMAN,0,0,0
>NID2_HUMAN,0000269,0,0
>NKAI1_HUMAN,0000255,0,305
>NLGN1_HUMAN,0000255,0,269
>NLGN2_HUMAN,0000255,0,250
>NLGN3_HUMAN,0000255,0,250
>NLGNX_HUMAN,0000269,0,0
>NLGNY_HUMAN,0000255,0,250
>NMB_HUMAN,0000250,0,250
>NMD3A_HUMAN,0000255,0,250
>NMD3B_HUMAN,0000255,0,250
>NMDE1_HUMAN,0000255,0,269
>NMDE2_HUMAN,0000255,0,269
>NMDE3_HUMAN,0000255,0,269
>NMDE4_HUMAN,0000255,0,269
>NMDZ1_HUMAN,0000255,0,269
>NMS_HUMAN,0000255,0,250
>NMU_HUMAN,0000255,0,0
>NODAL_HUMAN,0000255,0,250
>NOE1_HUMAN,0000255,0,250
>NOE2_HUMAN,0000255,0,269
>NOE3_HUMAN,0000255,0,250
>NOGG_HUMAN,0000255,0,0
>NOMO1_HUMAN,0000255,0,269
>NOMO2_HUMAN,0000255,0,269
>NOMO3_HUMAN,0000255,0,269
>NOTC1_HUMAN,0000255,0,305
>NOTC2_HUMAN,0000255,0,269
>NOTC3_HUMAN,0000255,0,269
>NOTC4_HUMAN,0000255,0,0
>NOTUM_HUMAN,0000255,0,250
>NPB15_HUMAN,0000255,0,305
>NPB_HUMAN,0000255,0,0
>NPC1_HUMAN,0000255,0,269
>NPC2_HUMAN,0000269,0,269
>NPCL1_HUMAN,0000255,0,269
>NPDC1_HUMAN,0000255,0,305
>NPFF_HUMAN,0000255,0,0
>NPHN_HUMAN,0000255,0,269
>NPIB7_HUMAN,0000255,0,305
>NPNT_HUMAN,0000255,0,250
>NPS_HUMAN,0000255,0,0
>NPTN_HUMAN,0,0,250
>NPTX1_HUMAN,0000255,0,269
>NPTX2_HUMAN,0000255,0,250
>NPVF_HUMAN,0000255,0,0
>NPW_HUMAN,0000255,0,269
>NPY_HUMAN,0000269,0,250
>NR3L1_HUMAN,0000255,0,269
>NRCAM_HUMAN,0000255,0,250
>NRDC_HUMAN,0000255,0,269
>NRN1L_HUMAN,0000255,0,305
>NRN1_HUMAN,0000255,0,305
>NRP1_HUMAN,0000269,0,269
>NRP2_HUMAN,0,1,269
>NRTN_HUMAN,0000255,0,0
>NRX1A_HUMAN,0000250,0,305
>NRX1B_HUMAN,0000250,0,250
>NRX2A_HUMAN,0000255,0,250
>NRX2B_HUMAN,0000250,0,305
>NRX3A_HUMAN,0000250,0,250
>NRX3B_HUMAN,0000255,0,305
>NT2NB_HUMAN,0000255,0,269
>NT2NR_HUMAN,0000255,0,0
>NTCP5_HUMAN,0000255,0,305
>NTF3_HUMAN,0000255,0,0
>NTF4_HUMAN,0000255,0,0
>NTNG1_HUMAN,0000269,0,269
>NTNG2_HUMAN,0000255,0,269
>NTRI_HUMAN,0000269,0,0
>NTRK1_HUMAN,0000255,0,269
>NTRK2_HUMAN,0,0,269
>NTRK3_HUMAN,0,0,0
>NUCB1_HUMAN,0000250,0,250
>NUCB2_HUMAN,0000255,0,269
>NXPE1_HUMAN,0000255,0,0
>NXPE3_HUMAN,0000255,0,305
>NXPE4_HUMAN,0000255,0,305
>NXPH1_HUMAN,0000255,0,305
>NXPH2_HUMAN,0000255,0,305
>NXPH3_HUMAN,0000269,0,305
>NXPH4_HUMAN,0000255,0,305
>NYX_HUMAN,0000255,0,250
>OAF_HUMAN,0000255,0,0
>OBP2A_HUMAN,0000255,0,305
>OBP2B_HUMAN,0000255,0,305
>OC90_HUMAN,0000255,0,250
>ODAM_HUMAN,0000255,0,269
>ODAPH_HUMAN,0000255,0,305
>OFUT1_HUMAN,0000255,0,250
>OFUT2_HUMAN,0000255,0,269
>OIT3_HUMAN,0000255,0,269
>OLFL1_HUMAN,0000269,0,269
>OLFL3_HUMAN,0000255,0,269
>OLFM4_HUMAN,0000255,0,269
>OLM2A_HUMAN,0000250,0,269
>OLM2B_HUMAN,0000250,0,250
>OMD_HUMAN,0000255,0,250
>OMGP_HUMAN,0000269,0,0
>ONCM_HUMAN,0000269,0,0
>OOSP1_HUMAN,0000255,0,305
>OOSP2_HUMAN,0000255,0,269
>OOSP3_HUMAN,0000255,0,305
>OPCM_HUMAN,0000250,0,250
>OPT_HUMAN,0000250,0,269
>OREX_HUMAN,0000250,0,250
>OS9_HUMAN,0000255,0,269
>OSCAR_HUMAN,0000255,0,305
>OSMR_HUMAN,0000255,0,305
>OSP4A_HUMAN,0000255,0,305
>OSP4B_HUMAN,0000255,0,305
>OST48_HUMAN,0000250,0,250
>OSTCN_HUMAN,0000305,0,269
>OSTM1_HUMAN,0000255,0,269
>OSTN_HUMAN,0000255,0,269
>OSTP_HUMAN,0000255,0,269
>OTOAN_HUMAN,0000255,0,305
>OTOGL_HUMAN,0000255,0,305
>OTOG_HUMAN,0000255,0,250
>OTOL1_HUMAN,0000255,0,250
>OTOR_HUMAN,0000269,0,305
>OTOSP_HUMAN,0000255,0,305
>OVCH1_HUMAN,0000255,0,250
>OVCH2_HUMAN,0000255,0,250
>OVGP1_HUMAN,0000250,0,0
>OVOS1_HUMAN,0000255,0,250
>OX26_HUMAN,0000255,0,0
>OX2G_HUMAN,0000255,0,0
>OXLA_HUMAN,0000269,0,269
>OXND1_HUMAN,0000255,0,0
>P20D1_HUMAN,0000255,0,250
>P210L_HUMAN,0000255,0,305
>P3H1_HUMAN,0000255,0,269
>P3H2_HUMAN,0000255,0,269
>P3H3_HUMAN,0000255,0,255
>P3IP1_HUMAN,0000269,0,269
>P4HA1_HUMAN,0007744,0,0
>P4HA2_HUMAN,0000255,0,0
>P4HA3_HUMAN,0000255,0,305
>P5I13_HUMAN,0000255,0,269
>PA21B_HUMAN,0000269,0,269
>PA2G3_HUMAN,0000255,0,269
>PA2G5_HUMAN,0000255,0,269
>PA2GA_HUMAN,0000269,0,269
>PA2GC_HUMAN,0000255,0,305
>PA2GD_HUMAN,0000255,0,269
>PA2GE_HUMAN,0000255,0,269
>PA2GF_HUMAN,0000255,0,250
>PA2GX_HUMAN,0000255,0,269
>PACA_HUMAN,0000255,0,0
>PACR_HUMAN,0000255,0,0
>PADC1_HUMAN,0000255,0,269
>PAEP_HUMAN,0000269,0,269
>PAFA_HUMAN,0,0,269
>PAG15_HUMAN,0000269,0,269
>PAHO_HUMAN,0,0,269
>PAI1_HUMAN,0,0,269
>PAI2_HUMAN,0,0,0
>PAMR1_HUMAN,0000255,0,305
>PAPP1_HUMAN,0000255,0,269
>PAPP2_HUMAN,0000255,0,250
>PAR1_HUMAN,0000269,0,0
>PAR2_HUMAN,0000255,0,0
>PAR3_HUMAN,0000255,0,0
>PAR4_HUMAN,0000255,0,0
>PARM1_HUMAN,0000269,0,269
>PATE1_HUMAN,0000255,0,305
>PATE2_HUMAN,0000255,0,305
>PATE3_HUMAN,0000255,0,305
>PATE4_HUMAN,0000255,0,269
>PBMU2_HUMAN,0000255,0,305
>PC11X_HUMAN,0000255,0,305
>PC11Y_HUMAN,0000255,0,305
>PCD10_HUMAN,0000255,0,250
>PCD12_HUMAN,0000255,0,269
>PCD15_HUMAN,0000255,0,250
>PCD16_HUMAN,0000255,0,250
>PCD17_HUMAN,0000255,0,250
>PCD18_HUMAN,0000255,0,250
>PCD19_HUMAN,0000255,0,250
>PCD20_HUMAN,0000255,0,250
>PCDA1_HUMAN,0000255,0,305
>PCDA2_HUMAN,0000269,0,250
>PCDA3_HUMAN,0000255,0,250
>PCDA4_HUMAN,0000255,0,250
>PCDA5_HUMAN,0000255,0,250
>PCDA6_HUMAN,0000255,0,305
>PCDA7_HUMAN,0000255,0,250
>PCDA8_HUMAN,0000255,0,250
>PCDA9_HUMAN,0000255,0,250
>PCDAA_HUMAN,0000255,0,305
>PCDAB_HUMAN,0000255,0,250
>PCDAC_HUMAN,0000255,0,250
>PCDAD_HUMAN,0000255,0,250
>PCDB1_HUMAN,0000255,0,250
>PCDB2_HUMAN,0000255,0,250
>PCDB3_HUMAN,0000255,0,250
>PCDB4_HUMAN,0000255,0,250
>PCDB5_HUMAN,0000255,0,250
>PCDB6_HUMAN,0000250,0,250
>PCDB7_HUMAN,0000255,0,250
>PCDB8_HUMAN,0000250,0,250
>PCDB9_HUMAN,0000255,0,250
>PCDBA_HUMAN,0000269,0,250
>PCDBB_HUMAN,0000255,0,250
>PCDBC_HUMAN,0000255,0,250
>PCDBD_HUMAN,0000255,0,250
>PCDBE_HUMAN,0000255,0,250
>PCDBF_HUMAN,0000255,0,250
>PCDBG_HUMAN,0000255,0,250
>PCDC1_HUMAN,0000255,0,250
>PCDC2_HUMAN,0000255,0,250
>PCDG1_HUMAN,0000255,0,250
>PCDG2_HUMAN,0000255,0,250
>PCDG3_HUMAN,0000255,0,250
>PCDG4_HUMAN,0000305,0,250
>PCDG5_HUMAN,0000255,0,250
>PCDG6_HUMAN,0000255,0,250
>PCDG7_HUMAN,0000255,0,250
>PCDG8_HUMAN,0000255,0,250
>PCDG9_HUMAN,0000255,0,250
>PCDGA_HUMAN,0000255,0,250
>PCDGB_HUMAN,0000255,0,250
>PCDGC_HUMAN,0000255,0,250
>PCDGD_HUMAN,0000255,0,250
>PCDGE_HUMAN,0000255,0,250
>PCDGF_HUMAN,0000255,0,250
>PCDGG_HUMAN,0000255,0,250
>PCDGH_HUMAN,0000255,0,250
>PCDGI_HUMAN,0000255,0,250
>PCDGJ_HUMAN,0000255,0,250
>PCDGK_HUMAN,0000255,0,250
>PCDGL_HUMAN,0000255,0,250
>PCDGM_HUMAN,0000255,0,250
>PCDH1_HUMAN,0000255,0,305
>PCDH7_HUMAN,0000255,0,0
>PCDH8_HUMAN,0000255,0,250
>PCDH9_HUMAN,0000255,0,250
>PCOC1_HUMAN,0000255,0,0
>PCOC2_HUMAN,0000269,0,305
>PCP_HUMAN,0000255,0,0
>PCS1N_HUMAN,0000255,0,269
>PCSK4_HUMAN,0000255,0,250
>PCSK5_HUMAN,0000250,0,250
>PCSK6_HUMAN,0000255,0,0
>PCSK7_HUMAN,0000250,0,250
>PCSK9_HUMAN,0000269,0,0
>PCYOX_HUMAN,0000255,0,269
>PCYXL_HUMAN,0000269,0,0
>PD1L1_HUMAN,0000255,0,269
>PD1L2_HUMAN,0000269,0,269
>PDCD1_HUMAN,0000255,0,269
>PDGFA_HUMAN,0,0,0
>PDGFB_HUMAN,0,0,0
>PDGFC_HUMAN,0000255,0,269
>PDGFD_HUMAN,0000255,0,269
>PDIA1_HUMAN,0000269,0,269
>PDIA2_HUMAN,0000255,0,255
>PDIA3_HUMAN,0000269,0,269
>PDIA4_HUMAN,0000255,0,269
>PDIA5_HUMAN,0000255,0,255
>PDIA6_HUMAN,0000269,0,269
>PDILT_HUMAN,0000255,0,269
>PDPN_HUMAN,0000269,0,269
>PDXL2_HUMAN,0000269,0,305
>PDYN_HUMAN,0,0,0
>PEAR1_HUMAN,0000255,0,269
>PEBP4_HUMAN,0000269,0,269
>PECA1_HUMAN,0,0,269
>PEDF_HUMAN,0,0,269
>PENK_HUMAN,0000255,0,250
>PEPA3_HUMAN,0000269,0,0
>PEPA4_HUMAN,0000269,0,0
>PEPA5_HUMAN,0000269,0,0
>PEPC_HUMAN,0000269,0,0
>PERE_HUMAN,0000255,0,0
>PERF_HUMAN,0000250,0,269
>PERL_HUMAN,0000255,0,269
>PERM_HUMAN,0000269,0,0
>PERT_HUMAN,0000255,0,0
>PF4V_HUMAN,0000269,0,0
>PG12A_HUMAN,0000305,0,269
>PG12B_HUMAN,0000269,0,0
>PGAP3_HUMAN,0000255,0,305
>PGAP6_HUMAN,0000255,0,269
>PGBM_HUMAN,0000255,0,269
>PGCA_HUMAN,0000269,0,250
>PGCB_HUMAN,0000255,0,269
>PGFRA_HUMAN,0,0,269
>PGFRB_HUMAN,0000269,0,0
>PGFRL_HUMAN,0000255,0,305
>PGH1_HUMAN,0,0,0
>PGH2_HUMAN,0000255,0,269
>PGLT1_HUMAN,0000269,0,269
>PGRP1_HUMAN,0000255,0,269
>PGRP2_HUMAN,0000269,0,0
>PGRP3_HUMAN,0000255,0,269
>PGRP4_HUMAN,0000255,0,269
>PGS1_HUMAN,0000250,0,250
>PGS2_HUMAN,0000250,0,269
>PHLD_HUMAN,0,0,0
>PI15_HUMAN,0000255,0,269
>PI16_HUMAN,0000269,0,269
>PIANP_HUMAN,0000255,0,305
>PIGR_HUMAN,0000269,0,269
>PIGT_HUMAN,0000269,0,269
>PIGX_HUMAN,0000255,0,250
>PILRA_HUMAN,0000255,0,305
>PILRB_HUMAN,0000255,0,305
>PINLY_HUMAN,0000255,0,305
>PIP_HUMAN,0000269,0,0
>PK1L2_HUMAN,0000255,0,305
>PK1L3_HUMAN,0000255,0,269
>PKD1_HUMAN,0000255,0,269
>PKDCC_HUMAN,0000255,0,269
>PKDRE_HUMAN,0000255,0,305
>PKHD1_HUMAN,0000255,0,269
>PKHH3_HUMAN,0000255,0,0
>PKHL1_HUMAN,0000255,0,305
>PLA1A_HUMAN,0000255,0,250
>PLA2R_HUMAN,0000250,0,305
>PLAC1_HUMAN,0000255,0,305
>PLAC9_HUMAN,0000255,0,305
>PLB1_HUMAN,0000255,0,250
>PLBL1_HUMAN,0000255,0,250
>PLBL2_HUMAN,0000269,0,269
>PLCA_HUMAN,0000255,0,269
>PLCB_HUMAN,0000255,0,269
>PLDX1_HUMAN,0000255,0,269
>PLET1_HUMAN,0000255,0,250
>PLF4_HUMAN,0000269,0,269
>PLGA_HUMAN,0000255,0,305
>PLGB_HUMAN,0000250,0,0
>PLGF_HUMAN,0000269,0,0
>PLGT2_HUMAN,0000255,0,255
>PLGT3_HUMAN,0000255,0,255
>PLMN_HUMAN,0000269,0,269
>PLM_HUMAN,0000250,0,250
>PLOD1_HUMAN,0000269,0,0
>PLOD2_HUMAN,0000255,0,0
>PLOD3_HUMAN,0000255,0,269
>PLTP_HUMAN,0000269,0,269
>PLXA1_HUMAN,0000255,0,305
>PLXA2_HUMAN,0000255,0,250
>PLXA3_HUMAN,0000255,0,250
>PLXA4_HUMAN,0000255,0,305
>PLXB1_HUMAN,0000255,0,269
>PLXB2_HUMAN,0000255,0,269
>PLXB3_HUMAN,0000255,0,269
>PLXC1_HUMAN,0000255,0,305
>PLXD1_HUMAN,0000255,0,269
>PMEL_HUMAN,0000269,0,269
>PNOC_HUMAN,0000255,0,0
>PO210_HUMAN,0000250,0,269
>PODN_HUMAN,0000255,0,305
>PODXL_HUMAN,0000255,0,305
>POLS2_HUMAN,0000255,0,269
>PON1_HUMAN,0,0,0
>PON2_HUMAN,0,0,269
>PON3_HUMAN,0,0,250
>PONL1_HUMAN,0000255,0,250
>PORIM_HUMAN,0,0,305
>POSTN_HUMAN,0000255,0,269
>PPA5_HUMAN,0000269,0,0
>PPAL_HUMAN,0,0,269
>PPAP_HUMAN,0000269,0,269
>PPAT_HUMAN,0000255,0,255
>PPB1_HUMAN,0000269,0,269
>PPBI_HUMAN,0000269,0,250
>PPBN_HUMAN,0000255,0,0
>PPBT_HUMAN,0000269,0,269
>PPGB_HUMAN,0000269,0,0
>PPIB_HUMAN,0000269,0,269
>PPN_HUMAN,0000255,0,305
>PPR29_HUMAN,0000255,0,305
>PPT1_HUMAN,0007744,0,269
>PPT2_HUMAN,0000255,0,269
>PRAP1_HUMAN,0000255,0,269
>PRB2_HUMAN,0000255,0,250
>PRB3_HUMAN,0000255,0,0
>PRB4_HUMAN,0000269,0,0
>PRDX4_HUMAN,0000269,0,269
>PRELP_HUMAN,0000255,0,0
>PRG2_HUMAN,0000269,0,269
>PRG3_HUMAN,0000255,0,269
>PRG4_HUMAN,0000255,0,269
>PRIMA_HUMAN,0000250,0,250
>PRIO_HUMAN,0000250,0,269
>PRLR_HUMAN,0,0,269
>PRL_HUMAN,0000269,0,0
>PRND_HUMAN,0000269,0,269
>PRNT_HUMAN,0000255,0,305
>PROC_HUMAN,0000255,0,269
>PROK1_HUMAN,0000269,0,0
>PROK2_HUMAN,0000269,0,0
>PROL1_HUMAN,0000269,0,269
>PROL4_HUMAN,0000255,0,0
>PROM1_HUMAN,0000255,0,250
>PROM2_HUMAN,0000255,0,250
>PROP_HUMAN,0,0,269
>PROS_HUMAN,0,0,0
>PROZ_HUMAN,0,0,0
>PRP1_HUMAN,0000269,0,269
>PRPC_HUMAN,0000269,0,0
>PRR27_HUMAN,0000255,0,305
>PRRP_HUMAN,0000250,0,0
>PRRT3_HUMAN,0000269,0,305
>PRRT4_HUMAN,0000255,0,305
>PRS23_HUMAN,0000255,0,305
>PRS27_HUMAN,0000255,0,0
>PRS29_HUMAN,0000255,0,250
>PRS33_HUMAN,0000255,0,250
>PRS35_HUMAN,0000255,0,305
>PRS37_HUMAN,0000255,0,269
>PRS38_HUMAN,0000255,0,305
>PRS41_HUMAN,0000255,0,250
>PRS42_HUMAN,0000255,0,250
>PRS47_HUMAN,0000255,0,305
>PRS48_HUMAN,0000255,0,305
>PRS51_HUMAN,0000255,0,305
>PRS53_HUMAN,0000255,0,269
>PRS54_HUMAN,0000255,0,305
>PRS55_HUMAN,0000255,0,269
>PRS56_HUMAN,0000255,0,0
>PRS57_HUMAN,0000269,0,269
>PRS58_HUMAN,0000255,0,305
>PRSS8_HUMAN,0000255,0,0
>PRTG_HUMAN,0000255,0,255
>PRTN3_HUMAN,0,0,269
>PS1C2_HUMAN,0000255,0,305
>PSCA_HUMAN,0000269,0,269
>PSG11_HUMAN,0000255,0,305
>PSG1_HUMAN,0,0,305
>PSG2_HUMAN,0,0,305
>PSG3_HUMAN,0000255,0,305
>PSG4_HUMAN,0000255,0,305
>PSG5_HUMAN,0000255,0,305
>PSG6_HUMAN,0000255,0,305
>PSG7_HUMAN,0000255,0,305
>PSG8_HUMAN,0000255,0,305
>PSG9_HUMAN,0000255,0,305
>PSPB_HUMAN,0000255,0,0
>PSPN_HUMAN,0000255,0,0
>PTCRA_HUMAN,0000255,0,305
>PTGDS_HUMAN,0000269,0,269
>PTH1R_HUMAN,0000255,0,269
>PTH2R_HUMAN,0000255,0,0
>PTHR_HUMAN,0000255,0,0
>PTHY_HUMAN,0000269,0,0
>PTIP2_HUMAN,0000255,0,255
>PTK7_HUMAN,0000255,0,269
>PTN_HUMAN,0000269,0,269
>PTPR2_HUMAN,0000255,0,305
>PTPRA_HUMAN,0000255,0,250
>PTPRB_HUMAN,0000255,0,305
>PTPRC_HUMAN,0,0,269
>PTPRD_HUMAN,0000255,0,0
>PTPRE_HUMAN,0000255,0,250
>PTPRF_HUMAN,0000255,0,0
>PTPRG_HUMAN,0,0,305
>PTPRH_HUMAN,0000255,0,269
>PTPRJ_HUMAN,0000255,0,269
>PTPRK_HUMAN,0000255,0,0
>PTPRM_HUMAN,0000255,0,269
>PTPRN_HUMAN,0000250,0,269
>PTPRO_HUMAN,0000255,0,0
>PTPRQ_HUMAN,0000255,0,269
>PTPRR_HUMAN,0000255,0,269
>PTPRS_HUMAN,0000255,0,269
>PTPRT_HUMAN,0000255,0,0
>PTPRU_HUMAN,0000255,0,269
>PTPRZ_HUMAN,0000250,0,305
>PTTG_HUMAN,0000255,0,269
>PTX3_HUMAN,0000255,0,0
>PTX4_HUMAN,0000255,0,305
>PVR_HUMAN,0000255,0,0
>PXDC2_HUMAN,0000255,0,305
>PXDNL_HUMAN,0000255,0,269
>PXDN_HUMAN,0000255,0,269
>PYY2_HUMAN,0000255,0,0
>PYY3_HUMAN,0000255,0,250
>PYY_HUMAN,0000269,0,0
>PZP_HUMAN,0,0,0
>QPCT_HUMAN,0000255,0,269
>QSOX1_HUMAN,0000255,0,269
>QSOX2_HUMAN,0000255,0,269
>R4RL1_HUMAN,0000255,0,269
>R4RL2_HUMAN,0000255,0,269
>RAE1E_HUMAN,0000255,0,269
>RAGE_HUMAN,0000255,0,269
>RAMP1_HUMAN,0000255,0,0
>RAMP2_HUMAN,0000255,0,0
>RAMP3_HUMAN,0000255,0,269
>RARR2_HUMAN,0000269,0,250
>RCN1_HUMAN,0000255,0,0
>RCN2_HUMAN,0000250,0,0
>RCN3_HUMAN,0000255,0,269
>RECK_HUMAN,0000255,0,269
>REG1A_HUMAN,0000269,0,0
>REG1B_HUMAN,0000250,0,0
>REG3A_HUMAN,0000250,0,269
>REG3G_HUMAN,0000269,0,250
>REG4_HUMAN,0000269,0,269
>REL1_HUMAN,0000250,0,0
>REL2_HUMAN,0000269,0,0
>REL3_HUMAN,0000269,0,0
>RELD1_HUMAN,0000255,0,255
>RELL1_HUMAN,0000255,0,269
>RELN_HUMAN,0000255,0,250
>RENI_HUMAN,0000269,0,269
>RENR_HUMAN,0000255,0,269
>RET3_HUMAN,0000269,0,0
>RET4_HUMAN,0000269,0,269
>RETNB_HUMAN,0000255,0,0
>RETN_HUMAN,0000255,0,250
>RETST_HUMAN,0000255,0,250
>RET_HUMAN,0000255,0,269
>RGMA_HUMAN,0000255,0,250
>RGMB_HUMAN,0000255,0,250
>RGMC_HUMAN,0000255,0,269
>RHG36_HUMAN,0000255,0,0
>RIC3_HUMAN,0000250,0,0
>RISC_HUMAN,0000269,0,305
>RN128_HUMAN,0000255,0,269
>RN148_HUMAN,0000255,0,305
>RN149_HUMAN,0000255,0,305
>RN150_HUMAN,0000255,0,305
>RN167_HUMAN,0000255,0,269
>RNAS1_HUMAN,0000269,0,0
>RNAS2_HUMAN,0000269,0,305
>RNAS4_HUMAN,0000269,0,269
>RNAS6_HUMAN,0000250,0,269
>RNAS7_HUMAN,0000269,0,269
>RNAS8_HUMAN,0000255,0,305
>RNAS9_HUMAN,0000269,0,305
>RNF13_HUMAN,0000255,0,269
>RNF43_HUMAN,0000255,0,269
>RNLS_HUMAN,0000255,0,269
>RNS10_HUMAN,0000255,0,250
>RNS11_HUMAN,0000255,0,305
>RNS12_HUMAN,0000255,0,305
>RNS13_HUMAN,0000255,0,305
>RNT2_HUMAN,0000255,0,269
>ROBO1_HUMAN,0000255,0,269
>ROBO2_HUMAN,0000255,0,305
>ROBO3_HUMAN,0000255,0,250
>ROBO4_HUMAN,0000255,0,0
>RON_HUMAN,0000255,0,0
>ROR1_HUMAN,0000255,0,269
>ROR2_HUMAN,0000255,0,250
>ROS1_HUMAN,0000255,0,305
>RPN1_HUMAN,0,0,305
>RPN2_HUMAN,0000269,0,305
>RSPO1_HUMAN,0000255,0,250
>RSPO2_HUMAN,0000255,0,250
>RSPO3_HUMAN,0000255,0,250
>RSPO4_HUMAN,0000255,0,250
>RSPRY_HUMAN,0000255,0,305
>RTBDN_HUMAN,0000255,0,250
>RTN4R_HUMAN,0000269,0,269
>RYK_HUMAN,0000255,0,250
>S35F6_HUMAN,0000255,0,0
>S39A4_HUMAN,0000255,0,269
>S39A5_HUMAN,0000255,0,250
>S39A6_HUMAN,0000269,0,269
>S39A8_HUMAN,0000255,0,269
>S39AA_HUMAN,0000255,0,269
>S39AE_HUMAN,0000255,0,269
>S46A3_HUMAN,0000255,0,269
>S66A3_HUMAN,0000255,0,305
>SAA1_HUMAN,0000269,0,269
>SAA2_HUMAN,0000269,0,250
>SAA4_HUMAN,0,0,250
>SACA1_HUMAN,0000255,0,269
>SACA4_HUMAN,0000255,0,269
>SACA6_HUMAN,0000255,0,269
>SAMP_HUMAN,0000269,0,0
>SAP3_HUMAN,0000255,0,0
>SAPL1_HUMAN,0000255,0,305
>SAP_HUMAN,0000269,0,269
>SARAF_HUMAN,0000269,0,269
>SBSN_HUMAN,0000255,0,250
>SBSPO_HUMAN,0000255,0,269
>SC2B2_HUMAN,0000255,0,305
>SC65_HUMAN,0000255,0,269
>SCF_HUMAN,0,0,269
>SCG1_HUMAN,0000269,0,269
>SCG2_HUMAN,0000255,0,0
>SCG3_HUMAN,0000255,0,269
>SCN1B_HUMAN,0000255,0,269
>SCN2B_HUMAN,0000255,0,0
>SCN3B_HUMAN,0000250,0,0
>SCN4B_HUMAN,0000255,0,269
>SCPPQ_HUMAN,0000255,0,250
>SCRG1_HUMAN,0000269,0,305
>SCTM1_HUMAN,0000255,0,305
>SCTR_HUMAN,0000255,0,250
>SCUB1_HUMAN,0000255,0,269
>SCUB2_HUMAN,0000255,0,269
>SCUB3_HUMAN,0000255,0,269
>SDC1_HUMAN,0000255,0,269
>SDC2_HUMAN,0000255,0,0
>SDC4_HUMAN,0000255,0,269
>SDF1_HUMAN,0000255,0,0
>SDF2L_HUMAN,0000255,0,255
>SDF2_HUMAN,0000255,0,305
>SDIM1_HUMAN,0000255,0,305
>SDK1_HUMAN,0000255,0,250
>SDK2_HUMAN,0000255,0,250
>SE1L1_HUMAN,0000255,0,269
>SE1L2_HUMAN,0000255,0,0
>SE6L1_HUMAN,0000255,0,250
>SE6L2_HUMAN,0000269,0,269
>SECR_HUMAN,0000255,0,269
>SELM_HUMAN,0000255,0,269
>SELN_HUMAN,0000255,0,269
>SELPL_HUMAN,0000255,0,0
>SELT_HUMAN,0000255,0,250
>SEM3A_HUMAN,0000255,0,250
>SEM3B_HUMAN,0000255,0,250
>SEM3C_HUMAN,0000255,0,0
>SEM3D_HUMAN,0000255,0,250
>SEM3E_HUMAN,0000255,0,250
>SEM3F_HUMAN,0000255,0,250
>SEM3G_HUMAN,0000255,0,250
>SEM4A_HUMAN,0000255,0,269
>SEM4B_HUMAN,0000269,0,0
>SEM4C_HUMAN,0000255,0,250
>SEM4D_HUMAN,0000255,0,269
>SEM4F_HUMAN,0000255,0,305
>SEM4G_HUMAN,0000255,0,0
>SEM5A_HUMAN,0000255,0,0
>SEM6A_HUMAN,0000255,0,269
>SEM6B_HUMAN,0000269,0,269
>SEM6C_HUMAN,0000255,0,0
>SEM6D_HUMAN,0000255,0,0
>SEM7A_HUMAN,0000255,0,269
>SEMG1_HUMAN,0,0,0
>SEMG2_HUMAN,0,0,0
>SEP15_HUMAN,0000255,0,269
>SEPP1_HUMAN,0,0,269
>SERP3_HUMAN,0000255,0,305
>SERPH_HUMAN,0000255,0,0
>SEZ6_HUMAN,0000255,0,250
>SFPA2_HUMAN,0,0,269
>SFRP1_HUMAN,0000269,0,0
>SFRP2_HUMAN,0000269,0,250
>SFRP3_HUMAN,0000269,0,305
>SFRP4_HUMAN,0000255,0,269
>SFRP5_HUMAN,0000255,0,250
>SFTA1_HUMAN,0,0,269
>SFTA2_HUMAN,0000269,0,269
>SFTPD_HUMAN,0000250,0,0
>SG11A_HUMAN,0000255,0,305
>SG11B_HUMAN,0000255,0,305
>SG1C1_HUMAN,0000255,0,250
>SG1C2_HUMAN,0000255,0,250
>SG1D1_HUMAN,0000269,0,305
>SG1D2_HUMAN,0000255,0,305
>SG1D4_HUMAN,0000269,0,0
>SG2A1_HUMAN,0000269,0,305
>SG2A2_HUMAN,0000255,0,305
>SG3A1_HUMAN,0000269,0,269
>SG3A2_HUMAN,0000269,0,269
>SGCA_HUMAN,0000255,0,250
>SHBG_HUMAN,0000269,0,250
>SHH_HUMAN,0000269,0,269
>SHPS1_HUMAN,0000255,0,0
>SHSA2_HUMAN,0000269,0,250
>SHSA3_HUMAN,0000255,0,250
>SHSA4_HUMAN,0000255,0,305
>SHSA5_HUMAN,0000255,0,269
>SHSA6_HUMAN,0000255,0,305
>SHSA7_HUMAN,0000255,0,250
>SHSA8_HUMAN,0000255,0,305
>SHSA9_HUMAN,0000255,0,250
>SHSL1_HUMAN,0000255,0,305
>SIAE_HUMAN,0000255,0,305
>SIAL_HUMAN,0,0,0
>SIDT1_HUMAN,0000255,0,305
>SIDT2_HUMAN,0000269,0,269
>SIG10_HUMAN,0000255,0,0
>SIG11_HUMAN,0000255,0,0
>SIG12_HUMAN,0000255,0,0
>SIG14_HUMAN,0000255,0,269
>SIG15_HUMAN,0000255,0,0
>SIG16_HUMAN,0000255,0,269
>SIGL5_HUMAN,0000255,0,0
>SIGL6_HUMAN,0000255,0,0
>SIGL7_HUMAN,0000255,0,0
>SIGL8_HUMAN,0000255,0,0
>SIGL9_HUMAN,0000255,0,0
>SIL1_HUMAN,0000255,0,269
>SIM24_HUMAN,0000255,0,305
>SIM30_HUMAN,0000255,0,305
>SIRB1_HUMAN,0000255,0,269
>SIRB2_HUMAN,0000255,0,305
>SIRBL_HUMAN,0000255,0,0
>SIRPD_HUMAN,0000255,0,305
>SIRPG_HUMAN,0000255,0,269
>SIT1_HUMAN,0000255,0,269
>SL9A3_HUMAN,0000255,0,269
>SLAF1_HUMAN,0000255,0,269
>SLAF5_HUMAN,0000269,0,269
>SLAF6_HUMAN,0000269,0,305
>SLAF7_HUMAN,0000269,0,0
>SLAF8_HUMAN,0000269,0,0
>SLAF9_HUMAN,0000255,0,0
>SLIB_HUMAN,0000255,0,0
>SLIK1_HUMAN,0000255,0,269
>SLIK2_HUMAN,0000255,0,269
>SLIK3_HUMAN,0000255,0,305
>SLIK4_HUMAN,0000255,0,269
>SLIK5_HUMAN,0000255,0,305
>SLIK6_HUMAN,0000255,0,269
>SLIT1_HUMAN,0000255,0,250
>SLIT2_HUMAN,0000255,0,269
>SLIT3_HUMAN,0000255,0,250
>SLPI_HUMAN,0000269,0,269
>SLUR1_HUMAN,0000269,0,269
>SLUR2_HUMAN,0000255,0,269
>SMIM7_HUMAN,0000255,0,305
>SMIM9_HUMAN,0000255,0,305
>SMOC1_HUMAN,0000255,0,269
>SMOC2_HUMAN,0000255,0,250
>SMO_HUMAN,0000255,0,269
>SMR3A_HUMAN,0000255,0,305
>SMR3B_HUMAN,0000269,0,0
>SMS_HUMAN,0,0,250
>SNED1_HUMAN,0000255,0,269
>SNORC_HUMAN,0000255,0,305
>SN_HUMAN,0000250,0,269
>SODE_HUMAN,0,0,250
>SOGA3_HUMAN,0000255,0,305
>SOM2_HUMAN,0000269,0,0
>SOMA_HUMAN,0000269,0,0
>SORC1_HUMAN,0000255,0,0
>SORC2_HUMAN,0000255,0,269
>SORC3_HUMAN,0000255,0,0
>SORL_HUMAN,0000255,0,269
>SORT_HUMAN,0000250,0,269
>SOSD1_HUMAN,0000269,0,269
>SOST_HUMAN,0000269,0,269
>SPA11_HUMAN,0000255,0,305
>SPA12_HUMAN,0000250,0,305
>SPA13_HUMAN,0000255,0,305
>SPA9_HUMAN,0000255,0,305
>SPAC7_HUMAN,0000255,0,269
>SPADH_HUMAN,0000255,0,0
>SPAT6_HUMAN,0000255,0,250
>SPESP_HUMAN,0000255,0,269
>SPHM_HUMAN,0000269,0,269
>SPI2_HUMAN,0000255,0,305
>SPIT1_HUMAN,0000269,0,269
>SPIT2_HUMAN,0000269,0,269
>SPIT3_HUMAN,0000255,0,305
>SPIT4_HUMAN,0000255,0,305
>SPON1_HUMAN,0000255,0,250
>SPON2_HUMAN,0000255,0,250
>SPP24_HUMAN,0000255,0,0
>SPP2A_HUMAN,0000269,0,269
>SPP2B_HUMAN,0000269,0,269
>SPP2C_HUMAN,0000269,0,269
>SPRC_HUMAN,0000269,0,269
>SPRL1_HUMAN,0000255,0,250
>SPRN_HUMAN,0000255,0,250
>SPT20_HUMAN,0000255,0,305
>SPXN_HUMAN,0000255,0,0
>SRB4D_HUMAN,0000255,0,305
>SRCA_HUMAN,0000255,0,250
>SRCH_HUMAN,0,0,0
>SRCRL_HUMAN,0000255,0,250
>SRCRM_HUMAN,0000255,0,255
>SREC2_HUMAN,0000255,0,305
>SREC_HUMAN,0000255,0,305
>SRGN_HUMAN,0000269,0,269
>SRPX2_HUMAN,0000255,0,269
>SRPX_HUMAN,0000255,0,305
>SSAS1_HUMAN,0000255,0,305
>SSPO_HUMAN,0000255,0,250
>SSRA_HUMAN,0000269,0,0
>SSRB_HUMAN,0000250,0,0
>SSRD_HUMAN,0000255,0,0
>STAB1_HUMAN,0000255,0,305
>STAB2_HUMAN,0000255,0,269
>STAT_HUMAN,0000269,0,0
>STC1_HUMAN,0000269,0,0
>STC2_HUMAN,0000255,0,305
>STIM1_HUMAN,0000255,0,269
>STIM2_HUMAN,0000269,0,269
>STRCL_HUMAN,0000255,0,305
>STRC_HUMAN,0000255,0,250
>STS_HUMAN,0000269,0,269
>SUCO_HUMAN,0000255,0,250
>SULF1_HUMAN,0000255,0,269
>SULF2_HUMAN,0000255,0,269
>SUMF1_HUMAN,0000269,0,269
>SUMF2_HUMAN,0000255,0,269
>SUPYN_HUMAN,0000255,0,269
>SUSD1_HUMAN,0000255,0,305
>SUSD2_HUMAN,0000255,0,269
>SUSD4_HUMAN,0000255,0,305
>SUSD5_HUMAN,0000255,0,0
>SUSD6_HUMAN,0000255,0,305
>SVEP1_HUMAN,0000255,0,269
>SWAHA_HUMAN,0000255,0,0
>SYCN_HUMAN,0000250,0,250
>SYCY1_HUMAN,0000255,0,305
>SYCY2_HUMAN,0000255,0,305
>T131L_HUMAN,0000255,0,269
>T132A_HUMAN,0000255,0,250
>T132C_HUMAN,0000255,0,305
>T132D_HUMAN,0000255,0,305
>T132E_HUMAN,0000255,0,305
>T161A_HUMAN,0000255,0,305
>T178A_HUMAN,0000255,0,250
>T178B_HUMAN,0000255,0,305
>T217B_HUMAN,0000255,0,255
>TACD2_HUMAN,0000255,0,0
>TACT_HUMAN,0000255,0,0
>TAFA1_HUMAN,0000255,0,269
>TAFA2_HUMAN,0000255,0,269
>TAFA3_HUMAN,0000255,0,269
>TAFA4_HUMAN,0000255,0,269
>TAFA5_HUMAN,0000269,0,269
>TARM1_HUMAN,0000255,0,269
>TARSH_HUMAN,0000255,0,305
>TCO1_HUMAN,0,0,0
>TCO2_HUMAN,0000269,0,269
>TDGF1_HUMAN,0000269,0,269
>TECT1_HUMAN,0000255,0,305
>TECT2_HUMAN,0000255,0,305
>TECT3_HUMAN,0000255,0,305
>TECTA_HUMAN,0000255,0,305
>TECTB_HUMAN,0000255,0,305
>TEFF1_HUMAN,0000255,0,269
>TEFF2_HUMAN,0000269,0,305
>TENA_HUMAN,0000269,0,0
>TENN_HUMAN,0000255,0,269
>TENR_HUMAN,0000255,0,0
>TENS4_HUMAN,0000255,0,269
>TENX_HUMAN,0000255,0,0
>TEST_HUMAN,0000255,0,305
>TETN_HUMAN,0000269,0,0
>TEX46_HUMAN,0000255,0,0
>TEX50_HUMAN,0000255,0,255
>TEX51_HUMAN,0000255,0,255
>TFF1_HUMAN,0000269,0,269
>TFF2_HUMAN,0000255,0,0
>TFF3_HUMAN,0000269,0,269
>TFPI1_HUMAN,0000269,0,269
>TFPI2_HUMAN,0000269,0,0
>TF_HUMAN,0,0,269
>TGBR3_HUMAN,0000255,0,250
>TGFA_HUMAN,0000255,0,0
>TGFB1_HUMAN,0000269,0,269
>TGFB2_HUMAN,0000255,0,250
>TGFB3_HUMAN,0000255,0,250
>TGFR1_HUMAN,0000269,0,269
>TGFR2_HUMAN,0000269,0,269
>TGO1_HUMAN,0000255,0,269
>TGON2_HUMAN,0000255,0,0
>TGR3L_HUMAN,0000255,0,269
>THBG_HUMAN,0000269,0,0
>THEM6_HUMAN,0000255,0,305
>THRB_HUMAN,0000255,0,0
>THS7A_HUMAN,0000255,0,269
>THS7B_HUMAN,0000255,0,305
>THSD1_HUMAN,0000255,0,269
>THSD4_HUMAN,0000255,0,269
>THSD8_HUMAN,0000255,0,0
>THY1_HUMAN,0,0,250
>THYG_HUMAN,0000250,0,269
>TICN1_HUMAN,0000255,0,0
>TICN2_HUMAN,0000269,0,305
>TICN3_HUMAN,0000255,0,0
>TIE1_HUMAN,0000269,0,269
>TIE2_HUMAN,0000269,0,269
>TIGIT_HUMAN,0000255,0,269
>TIKI1_HUMAN,0000255,0,269
>TIKI2_HUMAN,0000255,0,269
>TIMD4_HUMAN,0000255,0,269
>TIMP1_HUMAN,0000269,0,269
>TIMP2_HUMAN,0000269,0,0
>TIMP3_HUMAN,0000269,0,0
>TIMP4_HUMAN,0000255,0,0
>TINAL_HUMAN,0000269,0,269
>TIP39_HUMAN,0000255,0,0
>TIP_HUMAN,0000255,0,305
>TKN1_HUMAN,0000255,0,0
>TKN4_HUMAN,0000255,0,305
>TKNK_HUMAN,0000255,0,0
>TLCD1_HUMAN,0000255,0,305
>TLL1_HUMAN,0000255,0,305
>TLL2_HUMAN,0000255,0,305
>TLR10_HUMAN,0000255,0,250
>TLR1_HUMAN,0000269,0,269
>TLR2_HUMAN,0000255,0,269
>TLR3_HUMAN,0000269,0,269
>TLR4_HUMAN,0000269,0,269
>TLR5_HUMAN,0000269,0,269
>TLR6_HUMAN,0000255,0,269
>TLR7_HUMAN,0000255,0,250
>TLR8_HUMAN,0000255,0,269
>TLR9_HUMAN,0000255,0,250
>TM109_HUMAN,0000255,0,250
>TM119_HUMAN,0000255,0,269
>TM130_HUMAN,0000255,0,269
>TM139_HUMAN,0000255,0,305
>TM154_HUMAN,0000255,0,305
>TM158_HUMAN,0000255,0,305
>TM165_HUMAN,0000255,0,250
>TM182_HUMAN,0000255,0,250
>TM190_HUMAN,0000255,0,250
>TM207_HUMAN,0000255,0,305
>TM210_HUMAN,0000255,0,305
>TM213_HUMAN,0000255,0,305
>TM219_HUMAN,0000255,0,269
>TM235_HUMAN,0000255,0,305
>TM256_HUMAN,0000255,0,305
>TM273_HUMAN,0000255,0,0
>TM276_HUMAN,0000255,0,255
>TM2D1_HUMAN,0000269,0,269
>TM2D2_HUMAN,0000255,0,305
>TM2D3_HUMAN,0000255,0,305
>TM35B_HUMAN,0000255,0,305
>TM41A_HUMAN,0000255,0,305
>TM52B_HUMAN,0000255,0,305
>TM59L_HUMAN,0000255,0,305
>TM7S3_HUMAN,0000255,0,269
>TM87A_HUMAN,0000255,0,269
>TM87B_HUMAN,0000255,0,305
>TM9S1_HUMAN,0000255,0,269
>TM9S2_HUMAN,0000255,0,305
>TM9S3_HUMAN,0000255,0,305
>TM9S4_HUMAN,0000255,0,269
>TMCO3_HUMAN,0000255,0,305
>TMDD1_HUMAN,0000255,0,255
>TMED1_HUMAN,0000269,0,269
>TMED2_HUMAN,0000255,0,269
>TMED3_HUMAN,0000255,0,269
>TMED4_HUMAN,0000255,0,250
>TMED5_HUMAN,0000255,0,269
>TMED6_HUMAN,0000255,0,250
>TMED7_HUMAN,0000255,0,250
>TMED9_HUMAN,0000250,0,250
>TMEDA_HUMAN,0000269,0,269
>TMEM9_HUMAN,0000255,0,269
>TMG2_HUMAN,0000255,0,269
>TMG4_HUMAN,0000255,0,269
>TMIE_HUMAN,0000255,0,305
>TMIG1_HUMAN,0000255,0,269
>TMIG2_HUMAN,0000269,0,269
>TMM25_HUMAN,0000269,0,305
>TMM52_HUMAN,0000255,0,305
>TMM59_HUMAN,0000255,0,269
>TMM81_HUMAN,0000255,0,305
>TMM89_HUMAN,0000255,0,305
>TMM92_HUMAN,0000255,0,305
>TMM95_HUMAN,0000255,0,305
>TMM99_HUMAN,0000255,0,305
>TMM9B_HUMAN,0000269,0,269
>TMPSC_HUMAN,0000255,0,269
>TMT1A_HUMAN,0000255,0,269
>TMT1B_HUMAN,0000255,0,250
>TMX1_HUMAN,0000255,0,269
>TMX2_HUMAN,0000255,0,269
>TMX3_HUMAN,0000255,0,269
>TMX4_HUMAN,0000255,0,250
>TNF6B_HUMAN,0000269,0,0
>TNFB_HUMAN,0,0,0
>TNR11_HUMAN,0000255,0,269
>TNR12_HUMAN,0000255,0,0
>TNR14_HUMAN,0000269,0,269
>TNR16_HUMAN,0,0,269
>TNR18_HUMAN,0000269,0,0
>TNR19_HUMAN,0000269,0,305
>TNR1A_HUMAN,0000269,0,269
>TNR1B_HUMAN,0000269,0,0
>TNR21_HUMAN,0000255,0,269
>TNR25_HUMAN,0000255,0,0
>TNR3_HUMAN,0000255,0,0
>TNR4_HUMAN,0000255,0,0
>TNR5_HUMAN,0000269,0,0
>TNR6_HUMAN,0000255,0,269
>TNR8_HUMAN,0,0,269
>TNR9_HUMAN,0000269,0,305
>TOR1A_HUMAN,0000305,0,269
>TOR1B_HUMAN,0000255,0,269
>TOR2A_HUMAN,0000255,0,250
>TOR2X_HUMAN,0000255,0,269
>TOR3A_HUMAN,0000255,0,0
>TPA_HUMAN,0000269,0,0
>TPBGL_HUMAN,0000255,0,305
>TPBG_HUMAN,0000255,0,269
>TPOR_HUMAN,0000255,0,269
>TPO_HUMAN,0,0,0
>TPP1_HUMAN,0000269,0,269
>TPSNR_HUMAN,0000269,0,269
>TPSN_HUMAN,0007744,0,305
>TR10A_HUMAN,0000255,0,269
>TR10B_HUMAN,0000269,0,0
>TR10C_HUMAN,0000269,0,0
>TR10D_HUMAN,0000269,0,255
>TR11B_HUMAN,0000269,0,0
>TR19L_HUMAN,0000269,0,269
>TRAR1_HUMAN,0000255,0,269
>TRAR2_HUMAN,0000255,0,269
>TRBM_HUMAN,0000269,0,0
>TRBR1_HUMAN,0000255,0,269
>TRBR2_HUMAN,0000255,0,269
>TRDV1_HUMAN,0000255,0,305
>TRDV2_HUMAN,0000255,0,305
>TRDV3_HUMAN,0000255,0,305
>TREA_HUMAN,0000255,0,250
>TREM1_HUMAN,0000255,0,269
>TREM2_HUMAN,0000255,0,269
>TRFE_HUMAN,0000269,0,0
>TRFL_HUMAN,0000269,0,0
>TRFM_HUMAN,0000269,0,0
>TRGV1_HUMAN,0000255,0,305
>TRGV2_HUMAN,0000255,0,305
>TRGV3_HUMAN,0000255,0,305
>TRGV4_HUMAN,0000255,0,305
>TRGV5_HUMAN,0000255,0,305
>TRGV8_HUMAN,0000255,0,305
>TRGV9_HUMAN,0000255,0,305
>TRH_HUMAN,0000255,0,0
>TRIL_HUMAN,0000255,0,305
>TRML1_HUMAN,0000255,0,269
>TRML2_HUMAN,0000255,0,250
>TRML4_HUMAN,0000255,0,305
>TRY1_HUMAN,0000269,0,0
>TRY2_HUMAN,0000269,0,0
>TRY3_HUMAN,0000255,0,269
>TRY6_HUMAN,0000255,0,305
>TRYB1_HUMAN,0000255,0,250
>TRYB2_HUMAN,0000255,0,0
>TRYD_HUMAN,0000255,0,250
>TRYG1_HUMAN,0000255,0,305
>TS1R1_HUMAN,0000255,0,0
>TS1R2_HUMAN,0000255,0,0
>TS1R3_HUMAN,0000255,0,0
>TSEAR_HUMAN,0000255,0,250
>TSG6_HUMAN,0000269,0,269
>TSHB_HUMAN,0000269,0,0
>TSHR_HUMAN,0,0,269
>TSK_HUMAN,0000255,0,250
>TSLP_HUMAN,0000255,0,269
>TSP1_HUMAN,0,0,269
>TSP2_HUMAN,0000255,0,0
>TSP3_HUMAN,0000255,0,0
>TSP4_HUMAN,0000255,0,250
>TSP50_HUMAN,0000255,0,305
>TSSP_HUMAN,0000255,0,0
>TTHY_HUMAN,0000269,0,0
>TUG1_HUMAN,0000255,0,269
>TUSC3_HUMAN,0000255,0,250
>TUTLA_HUMAN,0000255,0,250
>TUTLB_HUMAN,0000255,0,250
>TV381_HUMAN,0000255,0,303
>TV382_HUMAN,0000255,0,303
>TVA10_HUMAN,0000255,0,303
>TVA11_HUMAN,0000255,0,303
>TVA12_HUMAN,0000255,0,303
>TVA14_HUMAN,0000255,0,303
>TVA16_HUMAN,0000255,0,303
>TVA17_HUMAN,0000255,0,303
>TVA18_HUMAN,0000255,0,303
>TVA19_HUMAN,0000255,0,303
>TVA20_HUMAN,0000255,0,303
>TVA21_HUMAN,0000255,0,303
>TVA22_HUMAN,0000255,0,303
>TVA23_HUMAN,0000255,0,303
>TVA24_HUMAN,0000255,0,303
>TVA25_HUMAN,0000255,0,303
>TVA27_HUMAN,0000255,0,303
>TVA29_HUMAN,0000255,0,303
>TVA2_HUMAN,0000255,0,303
>TVA30_HUMAN,0000255,0,303
>TVA34_HUMAN,0000255,0,303
>TVA35_HUMAN,0000255,0,303
>TVA36_HUMAN,0000255,0,303
>TVA39_HUMAN,0000255,0,303
>TVA3_HUMAN,0000255,0,303
>TVA40_HUMAN,0000255,0,303
>TVA41_HUMAN,0000255,0,303
>TVA4_HUMAN,0000255,0,303
>TVA5_HUMAN,0000255,0,303
>TVA6_HUMAN,0000255,0,303
>TVA7_HUMAN,0000255,0,303
>TVA81_HUMAN,0000255,0,303
>TVA82_HUMAN,0000255,0,303
>TVA83_HUMAN,0000255,0,303
>TVA84_HUMAN,0000255,0,303
>TVA86_HUMAN,0000255,0,303
>TVA91_HUMAN,0000255,0,303
>TVA92_HUMAN,0000255,0,303
>TVAL1_HUMAN,0000255,0,303
>TVAL2_HUMAN,0000255,0,303
>TVAL3_HUMAN,0000255,0,303
>TVAM1_HUMAN,0000255,0,303
>TVAM2_HUMAN,0000255,0,303
>TVAZ1_HUMAN,0000255,0,303
>TVAZ2_HUMAN,0000255,0,303
>TVB13_HUMAN,0000255,0,303
>TVB14_HUMAN,0000255,0,303
>TVB16_HUMAN,0000255,0,303
>TVB17_HUMAN,0000255,0,303
>TVB18_HUMAN,0000255,0,303
>TVB19_HUMAN,0000255,0,303
>TVB23_HUMAN,0000255,0,303
>TVB27_HUMAN,0000255,0,303
>TVB28_HUMAN,0000255,0,303
>TVB29_HUMAN,0000255,0,303
>TVB2_HUMAN,0000255,0,303
>TVB30_HUMAN,0000255,0,303
>TVB31_HUMAN,0000255,0,303
>TVB41_HUMAN,0000255,0,303
>TVB42_HUMAN,0000255,0,303
>TVB43_HUMAN,0000255,0,303
>TVB51_HUMAN,0000255,0,303
>TVB53_HUMAN,0000255,0,303
>TVB54_HUMAN,0000255,0,303
>TVB55_HUMAN,0000255,0,303
>TVB56_HUMAN,0000255,0,303
>TVB57_HUMAN,0000255,0,303
>TVB58_HUMAN,0000255,0,303
>TVB61_HUMAN,0000255,0,303
>TVB62_HUMAN,0000255,0,303
>TVB63_HUMAN,0000255,0,303
>TVB64_HUMAN,0000255,0,303
>TVB65_HUMAN,0000255,0,303
>TVB66_HUMAN,0000255,0,303
>TVB67_HUMAN,0000255,0,303
>TVB68_HUMAN,0000255,0,303
>TVB69_HUMAN,0000255,0,303
>TVB71_HUMAN,0000255,0,303
>TVB72_HUMAN,0000255,0,303
>TVB73_HUMAN,0000255,0,303
>TVB74_HUMAN,0000255,0,303
>TVB76_HUMAN,0000255,0,303
>TVB77_HUMAN,0000255,0,303
>TVB78_HUMAN,0000255,0,303
>TVB79_HUMAN,0000255,0,303
>TVB9_HUMAN,0000255,0,303
>TVBJ1_HUMAN,0000255,0,303
>TVBJ2_HUMAN,0000255,0,303
>TVBJ3_HUMAN,0000255,0,303
>TVBK1_HUMAN,0000255,0,303
>TVBK2_HUMAN,0000255,0,303
>TVBK3_HUMAN,0000255,0,303
>TVBL3_HUMAN,0000255,0,303
>TVBL4_HUMAN,0000255,0,303
>TVBL5_HUMAN,0000255,0,303
>TVBT1_HUMAN,0000255,0,303
>TVBX1_HUMAN,0000255,0,303
>TVBY1_HUMAN,0000255,0,303
>TVG10_HUMAN,0000255,0,305
>TVG11_HUMAN,0000255,0,305
>TWSG1_HUMAN,0000255,0,250
>TX101_HUMAN,0000250,0,250
>TXD12_HUMAN,0000269,0,269
>TXD15_HUMAN,0000255,0,250
>TXD16_HUMAN,0000255,0,269
>TXND5_HUMAN,0000255,0,250
>TYOBP_HUMAN,0000255,0,269
>TYRO3_HUMAN,0000255,0,0
>TYRO_HUMAN,0000255,0,269
>TYRP1_HUMAN,0,0,250
>TYRP2_HUMAN,0000255,0,269
>UBAC2_HUMAN,0000255,0,269
>UCMA_HUMAN,0000255,0,250
>UCN1_HUMAN,0000255,0,0
>UCN2_HUMAN,0000250,0,0
>UCN3_HUMAN,0000255,0,0
>UD110_HUMAN,0000255,0,305
>UD11_HUMAN,0000255,0,269
>UD13_HUMAN,0000255,0,305
>UD14_HUMAN,0000255,0,305
>UD15_HUMAN,0000255,0,250
>UD16_HUMAN,0000255,0,305
>UD17_HUMAN,0000255,0,305
>UD18_HUMAN,0000255,0,305
>UD19_HUMAN,0000255,0,305
>UD2A1_HUMAN,0000255,0,305
>UD2A3_HUMAN,0000255,0,305
>UD2B4_HUMAN,0000250,0,305
>UD2B7_HUMAN,0000250,0,269
>UD3A1_HUMAN,0000255,0,305
>UD3A2_HUMAN,0000255,0,305
>UDB10_HUMAN,0000250,0,305
>UDB11_HUMAN,0000255,0,305
>UDB15_HUMAN,0000255,0,305
>UDB17_HUMAN,0000255,0,305
>UDB28_HUMAN,0000255,0,269
>UFO_HUMAN,0000255,0,269
>UGGG1_HUMAN,0000250,0,269
>UGGG2_HUMAN,0000255,0,269
>ULBP1_HUMAN,0000250,0,269
>ULBP2_HUMAN,0000269,0,269
>ULBP3_HUMAN,0000255,0,250
>ULBP5_HUMAN,0000250,0,269
>ULBP6_HUMAN,0000255,0,269
>UNC5A_HUMAN,0000255,0,250
>UNC5B_HUMAN,0000255,0,269
>UNC5C_HUMAN,0000255,0,269
>UNC5D_HUMAN,0000255,0,269
>UPAR_HUMAN,0000269,0,269
>UPK2_HUMAN,0000255,0,305
>UPK3A_HUMAN,0000250,0,250
>UPK3B_HUMAN,0000255,0,269
>UPK3L_HUMAN,0000255,0,305
>UPKL2_HUMAN,0000255,0,255
>UQCC4_HUMAN,0000255,0,305
>UROK_HUMAN,0000269,0,269
>UROL1_HUMAN,0000255,0,269
>UROM_HUMAN,0,0,269
>USH2A_HUMAN,0000255,0,269
>UTER_HUMAN,0000269,0,0
>UTS2B_HUMAN,0000255,0,250
>UTS2_HUMAN,0,0,0
>VAS1_HUMAN,0000255,0,269
>VASN_HUMAN,0000255,0,269
>VCAM1_HUMAN,0000269,0,269
>VEGFB_HUMAN,0000255,0,0
>VEGFC_HUMAN,0000269,0,0
>VEGFD_HUMAN,0000255,0,0
>VGFR1_HUMAN,0000269,0,269
>VGFR2_HUMAN,0000255,0,269
>VGFR3_HUMAN,0000269,0,269
>VGF_HUMAN,0000255,0,269
>VIPR1_HUMAN,0000255,0,0
>VIPR2_HUMAN,0000255,0,0
>VIP_HUMAN,0000255,0,0
>VISTA_HUMAN,0000269,0,269
>VITRN_HUMAN,0000255,0,250
>VLDLR_HUMAN,0000255,0,269
>VMO1_HUMAN,0000269,0,305
>VNN1_HUMAN,0000255,0,305
>VNN2_HUMAN,0000255,0,305
>VOPP1_HUMAN,0000255,0,269
>VPRE3_HUMAN,0000255,0,0
>VPREB_HUMAN,0000255,0,250
>VS10L_HUMAN,0000255,0,305
>VSI10_HUMAN,0000255,0,305
>VSIG1_HUMAN,0000255,0,305
>VSIG2_HUMAN,0000269,0,305
>VSIG4_HUMAN,0000269,0,305
>VSIG8_HUMAN,0000255,0,305
>VSTM1_HUMAN,0000269,0,269
>VSTM4_HUMAN,0000255,0,305
>VSTM5_HUMAN,0000255,0,305
>VSXL2_HUMAN,0000255,0,255
>VTCN1_HUMAN,0000255,0,269
>VTDB_HUMAN,0000269,0,269
>VTM2A_HUMAN,0000255,0,250
>VTM2B_HUMAN,0000255,0,305
>VTM2L_HUMAN,0000255,0,0
>VTNC_HUMAN,0000269,0,269
>VW5B1_HUMAN,0000255,0,305
>VWA1_HUMAN,0000255,0,250
>VWA2_HUMAN,0000255,0,0
>VWA3A_HUMAN,0000255,0,305
>VWA7_HUMAN,0000255,0,305
>VWC2L_HUMAN,0000255,0,250
>VWC2_HUMAN,0000255,0,250
>VWCE_HUMAN,0000255,0,269
>VWDE_HUMAN,0000255,0,305
>VWF_HUMAN,0000269,0,269
>WF10A_HUMAN,0000255,0,305
>WF10B_HUMAN,0000255,0,305
>WFD11_HUMAN,0000255,0,305
>WFD12_HUMAN,0000255,0,305
>WFD13_HUMAN,0000255,0,305
>WFDC1_HUMAN,0000255,0,305
>WFDC2_HUMAN,0000255,0,269
>WFDC3_HUMAN,0000255,0,305
>WFDC5_HUMAN,0000255,0,305
>WFDC6_HUMAN,0000255,0,305
>WFDC8_HUMAN,0000255,0,305
>WFDC9_HUMAN,0000255,0,305
>WFKN1_HUMAN,0000255,0,250
>WFKN2_HUMAN,0000250,0,250
>WIF1_HUMAN,0000255,0,0
>WN10A_HUMAN,0000255,0,269
>WN10B_HUMAN,0000255,0,269
>WNT11_HUMAN,0000255,0,0
>WNT16_HUMAN,0000255,0,0
>WNT1_HUMAN,0000255,0,269
>WNT2B_HUMAN,0000255,0,269
>WNT2_HUMAN,0000255,0,269
>WNT3A_HUMAN,0000255,0,269
>WNT3_HUMAN,0000255,0,269
>WNT4_HUMAN,0000255,0,0
>WNT5A_HUMAN,0000255,0,269
>WNT5B_HUMAN,0000255,0,0
>WNT6_HUMAN,0000255,0,0
>WNT7A_HUMAN,0000255,0,269
>WNT7B_HUMAN,0000255,0,269
>WNT8A_HUMAN,0000255,0,269
>WNT8B_HUMAN,0000255,0,0
>WNT9A_HUMAN,0000255,0,269
>WNT9B_HUMAN,0000255,0,269
>X3CL1_HUMAN,0,0,269
>XCL1_HUMAN,0000255,0,0
>XCL2_HUMAN,0000269,0,0
>XG_HUMAN,0000255,0,269
>XLRS1_HUMAN,0000255,0,269
>XPP2_HUMAN,0000255,0,250
>YB003_HUMAN,0000255,0,305
>YB043_HUMAN,0000255,0,305
>YH006_HUMAN,0000255,0,305
>YI004_HUMAN,0000255,0,305
>YI025_HUMAN,0000255,0,305
>YK045_HUMAN,0000255,0,0
>YN010_HUMAN,0000255,0,305
>YO002_HUMAN,0000255,0,305
>YQ032_HUMAN,0000255,0,305
>YQ048_HUMAN,0000255,0,305
>YS002_HUMAN,0000255,0,305
>YV010_HUMAN,0000255,0,305
>ZA2G_HUMAN,0000269,0,0
>ZACN_HUMAN,0000255,0,269
>ZAN_HUMAN,0000255,0,250
>ZFAS1_HUMAN,0000255,0,305
>ZG16B_HUMAN,0000255,0,305
>ZG16_HUMAN,0000269,0,269
>ZNRF3_HUMAN,0000255,0,269
>ZNRF4_HUMAN,0000255,0,269
>ZP1_HUMAN,0000255,0,269
>ZP2_HUMAN,0,0,269
>ZP3_HUMAN,0000269,0,269
>ZP4_HUMAN,0000255,0,250
>ZPBP1_HUMAN,0000255,0,269
>ZPBP2_HUMAN,0000255,0,305
>ZPI_HUMAN,0000269,0,0
>ZPLD1_HUMAN,0000255,0,250
